campaign,ad_set,ad_name,creative_version,format,primary_text,headline,description,cta,website_url,url_parameters,creative_feeds_4x5,creative_stories_reels,creative_right_column_1x1,meta_tracking_number_on_lp
Credo Legal — Competitive v1 (Meta),AS_A1_prove-it,A1_prove-it-v3,Designer set 1,Single image,"Getting collection calls about a debt you're not sure you owe?

Before you pay a cent, you can make the collector validate the debt in writing. Many collectors, especially debt buyers, can't produce the paperwork to back it up.

Our attorneys review what they send and tell you where you stand.

Attorney Advertising. Credo Legal Services, P.C., 1 Liberty Street, Suite 4010, New York, NY 10006. (212) 461-4026. Legal services are provided by attorneys licensed in the states where they practice; not available in DC, DE, ID, NC, OK, WV or WY. The choice of a lawyer is an important decision and should not be based solely upon advertisements. Image is a dramatization. Prior results do not guarantee a similar outcome.",Make Collectors Prove Before You Pay,Free case review. Flat monthly fee.,Book Now,https://start.credolegal.com/debt-harassment-stop-calls,utm_source=meta&utm_medium=paid_social&utm_campaign=credo_meta_competitive_v1&utm_content=A1_prove-it-v3,https://2-human.github.io/credo-public-meta-ads-preview/handoff/meta-competitive-v1/creatives/static/v3/S1_prove-it_v3_4x5.jpg,https://2-human.github.io/credo-public-meta-ads-preview/handoff/meta-competitive-v1/creatives/static/v3/S1_prove-it_v3_4x5.jpg,https://2-human.github.io/credo-public-meta-ads-preview/handoff/meta-competitive-v1/creatives/static/v3/S1_prove-it_v3_1x1.jpg,(612) 256-8820
Credo Legal — Competitive v1 (Meta),AS_A1_prove-it,A1_prove-it-light,Light style,Single image,"Getting collection calls about a debt you're not sure you owe?

Before you pay a cent, you can make the collector validate the debt in writing. Many collectors, especially debt buyers, can't produce the paperwork to back it up.

Our attorneys review what they send and tell you where you stand.

Attorney Advertising. Credo Legal Services, P.C., 1 Liberty Street, Suite 4010, New York, NY 10006. (212) 461-4026. Legal services are provided by attorneys licensed in the states where they practice; not available in DC, DE, ID, NC, OK, WV or WY. The choice of a lawyer is an important decision and should not be based solely upon advertisements. Prior results do not guarantee a similar outcome.",Make Collectors Prove Before You Pay,Free case review. Flat monthly fee.,Book Now,https://start.credolegal.com/debt-harassment-stop-calls,utm_source=meta&utm_medium=paid_social&utm_campaign=credo_meta_competitive_v1&utm_content=A1_prove-it-light,https://2-human.github.io/credo-public-meta-ads-preview/handoff/meta-competitive-v1/creatives/static/light/S1_prove-it_light_4x5.jpg,https://2-human.github.io/credo-public-meta-ads-preview/handoff/meta-competitive-v1/creatives/static/light/S1_prove-it_light_4x5.jpg,https://2-human.github.io/credo-public-meta-ads-preview/handoff/meta-competitive-v1/creatives/static/light/S1_prove-it_light_1x1.jpg,(612) 256-8820
Credo Legal — Competitive v1 (Meta),AS_A1_prove-it,A1_prove-it-v4,Designer set 2,Single image,"Getting collection calls about a debt you're not sure you owe?

Before you pay a cent, you can make the collector validate the debt in writing. Many collectors, especially debt buyers, can't produce the paperwork to back it up.

Our attorneys review what they send and tell you where you stand.

Attorney Advertising. Credo Legal Services, P.C., 1 Liberty Street, Suite 4010, New York, NY 10006. (212) 461-4026. Legal services are provided by attorneys licensed in the states where they practice; not available in DC, DE, ID, NC, OK, WV or WY. The choice of a lawyer is an important decision and should not be based solely upon advertisements. Image is a dramatization. Prior results do not guarantee a similar outcome.",Make Collectors Prove Before You Pay,Free case review. Flat monthly fee.,Book Now,https://start.credolegal.com/debt-harassment-stop-calls,utm_source=meta&utm_medium=paid_social&utm_campaign=credo_meta_competitive_v1&utm_content=A1_prove-it-v4,https://2-human.github.io/credo-public-meta-ads-preview/handoff/meta-competitive-v1/creatives/static/v4/S1_prove-it_v4_4x5.jpg,https://2-human.github.io/credo-public-meta-ads-preview/handoff/meta-competitive-v1/creatives/static/v4/S1_prove-it_v4_4x5.jpg,https://2-human.github.io/credo-public-meta-ads-preview/handoff/meta-competitive-v1/creatives/static/v4/S1_prove-it_v4_1x1.jpg,(612) 256-8820
Credo Legal — Competitive v1 (Meta),AS_A1_prove-it,A1_prove-it-video,Video,Video,"Getting collection calls about a debt you're not sure you owe?

Before you pay a cent, you can make the collector validate the debt in writing. Many collectors, especially debt buyers, can't produce the paperwork to back it up.

Our attorneys review what they send and tell you where you stand.

Attorney Advertising. Credo Legal Services, P.C., 1 Liberty Street, Suite 4010, New York, NY 10006. (212) 461-4026. Legal services are provided by attorneys licensed in the states where they practice; not available in DC, DE, ID, NC, OK, WV or WY. The choice of a lawyer is an important decision and should not be based solely upon advertisements. Image is a dramatization. Prior results do not guarantee a similar outcome.",Make Collectors Prove Before You Pay,Free case review. Flat monthly fee.,Book Now,https://start.credolegal.com/debt-harassment-stop-calls,utm_source=meta&utm_medium=paid_social&utm_campaign=credo_meta_competitive_v1&utm_content=A1_prove-it-video,https://2-human.github.io/credo-public-meta-ads-preview/handoff/meta-competitive-v1/creatives/video/V1_prove-it_4x5.mp4,https://2-human.github.io/credo-public-meta-ads-preview/handoff/meta-competitive-v1/creatives/video/V1_prove-it_4x5.mp4,,(612) 256-8820
Credo Legal — Competitive v1 (Meta),AS_A2_is-it-yours,A2_is-it-yours-v3,Designer set 1,Single image,"A collection letter shows up. You can demand proof in writing before you pay.

Debt buyers often can't produce the original contract or the account history that proves they even own it. Our attorneys make them show it.

Free case review.

Attorney Advertising. Credo Legal Services, P.C., 1 Liberty Street, Suite 4010, New York, NY 10006. (212) 461-4026. Legal services are provided by attorneys licensed in the states where they practice; not available in DC, DE, ID, NC, OK, WV or WY. The choice of a lawyer is an important decision and should not be based solely upon advertisements. Image is a dramatization. Prior results do not guarantee a similar outcome.","See If They Can Even Prove It, Free",Licensed attorneys. Not a settlement company.,Book Now,https://start.credolegal.com/debt-harassment-stop-calls,utm_source=meta&utm_medium=paid_social&utm_campaign=credo_meta_competitive_v1&utm_content=A2_is-it-yours-v3,https://2-human.github.io/credo-public-meta-ads-preview/handoff/meta-competitive-v1/creatives/static/v3/S2_is-it-yours_v3_4x5.jpg,https://2-human.github.io/credo-public-meta-ads-preview/handoff/meta-competitive-v1/creatives/static/v3/S2_is-it-yours_v3_4x5.jpg,https://2-human.github.io/credo-public-meta-ads-preview/handoff/meta-competitive-v1/creatives/static/v3/S2_is-it-yours_v3_1x1.jpg,(612) 256-8820
Credo Legal — Competitive v1 (Meta),AS_A2_is-it-yours,A2_is-it-yours-light,Light style,Single image,"A collection letter shows up. You can demand proof in writing before you pay.

Debt buyers often can't produce the original contract or the account history that proves they even own it. Our attorneys make them show it.

Free case review.

Attorney Advertising. Credo Legal Services, P.C., 1 Liberty Street, Suite 4010, New York, NY 10006. (212) 461-4026. Legal services are provided by attorneys licensed in the states where they practice; not available in DC, DE, ID, NC, OK, WV or WY. The choice of a lawyer is an important decision and should not be based solely upon advertisements. Prior results do not guarantee a similar outcome.","See If They Can Even Prove It, Free",Licensed attorneys. Not a settlement company.,Book Now,https://start.credolegal.com/debt-harassment-stop-calls,utm_source=meta&utm_medium=paid_social&utm_campaign=credo_meta_competitive_v1&utm_content=A2_is-it-yours-light,https://2-human.github.io/credo-public-meta-ads-preview/handoff/meta-competitive-v1/creatives/static/light/S2_is-it-yours_light_4x5.jpg,https://2-human.github.io/credo-public-meta-ads-preview/handoff/meta-competitive-v1/creatives/static/light/S2_is-it-yours_light_4x5.jpg,https://2-human.github.io/credo-public-meta-ads-preview/handoff/meta-competitive-v1/creatives/static/light/S2_is-it-yours_light_1x1.jpg,(612) 256-8820
Credo Legal — Competitive v1 (Meta),AS_A2_is-it-yours,A2_is-it-yours-v4,Designer set 2,Single image,"A collection letter shows up. You can demand proof in writing before you pay.

Debt buyers often can't produce the original contract or the account history that proves they even own it. Our attorneys make them show it.

Free case review.

Attorney Advertising. Credo Legal Services, P.C., 1 Liberty Street, Suite 4010, New York, NY 10006. (212) 461-4026. Legal services are provided by attorneys licensed in the states where they practice; not available in DC, DE, ID, NC, OK, WV or WY. The choice of a lawyer is an important decision and should not be based solely upon advertisements. Image is a dramatization. Prior results do not guarantee a similar outcome.","See If They Can Even Prove It, Free",Licensed attorneys. Not a settlement company.,Book Now,https://start.credolegal.com/debt-harassment-stop-calls,utm_source=meta&utm_medium=paid_social&utm_campaign=credo_meta_competitive_v1&utm_content=A2_is-it-yours-v4,https://2-human.github.io/credo-public-meta-ads-preview/handoff/meta-competitive-v1/creatives/static/v4/S2_is-it-yours_v4_4x5.jpg,https://2-human.github.io/credo-public-meta-ads-preview/handoff/meta-competitive-v1/creatives/static/v4/S2_is-it-yours_v4_4x5.jpg,https://2-human.github.io/credo-public-meta-ads-preview/handoff/meta-competitive-v1/creatives/static/v4/S2_is-it-yours_v4_1x1.jpg,(612) 256-8820
Credo Legal — Competitive v1 (Meta),AS_A2_is-it-yours,A2_is-it-yours-video,Video,Video,"A collection letter shows up. You can demand proof in writing before you pay.

Debt buyers often can't produce the original contract or the account history that proves they even own it. Our attorneys make them show it.

Free case review.

Attorney Advertising. Credo Legal Services, P.C., 1 Liberty Street, Suite 4010, New York, NY 10006. (212) 461-4026. Legal services are provided by attorneys licensed in the states where they practice; not available in DC, DE, ID, NC, OK, WV or WY. The choice of a lawyer is an important decision and should not be based solely upon advertisements. Image is a dramatization. Prior results do not guarantee a similar outcome.","See If They Can Even Prove It, Free",Licensed attorneys. Not a settlement company.,Book Now,https://start.credolegal.com/debt-harassment-stop-calls,utm_source=meta&utm_medium=paid_social&utm_campaign=credo_meta_competitive_v1&utm_content=A2_is-it-yours-video,https://2-human.github.io/credo-public-meta-ads-preview/handoff/meta-competitive-v1/creatives/video/V2_is-it-yours_4x5.mp4,https://2-human.github.io/credo-public-meta-ads-preview/handoff/meta-competitive-v1/creatives/video/V2_is-it-yours_4x5.mp4,,(612) 256-8820
Credo Legal — Competitive v1 (Meta),AS_A3_three-things,A3_three-things-v3,Designer set 1,Single image,"Three things collectors hope you don't know:

1. You can make them validate the debt in writing
2. Debt buyers often can't prove they even own it
3. Balances are frequently inflated, so you may owe far less than they claim

Knowing this changes how you respond.

Attorney Advertising. Credo Legal Services, P.C., 1 Liberty Street, Suite 4010, New York, NY 10006. (212) 461-4026. Legal services are provided by attorneys licensed in the states where they practice; not available in DC, DE, ID, NC, OK, WV or WY. The choice of a lawyer is an important decision and should not be based solely upon advertisements. Prior results do not guarantee a similar outcome.","Know Your Options, Free",Free case review. No cost to learn where you stand.,Book Now,https://start.credolegal.com/debt-harassment-stop-calls,utm_source=meta&utm_medium=paid_social&utm_campaign=credo_meta_competitive_v1&utm_content=A3_three-things-v3,https://2-human.github.io/credo-public-meta-ads-preview/handoff/meta-competitive-v1/creatives/static/v3/S4_quiz_v3_4x5.jpg,https://2-human.github.io/credo-public-meta-ads-preview/handoff/meta-competitive-v1/creatives/static/v3/S4_quiz_v3_4x5.jpg,https://2-human.github.io/credo-public-meta-ads-preview/handoff/meta-competitive-v1/creatives/static/v3/S4_quiz_v3_1x1.jpg,(612) 256-8820
Credo Legal — Competitive v1 (Meta),AS_A3_three-things,A3_three-things-light,Light style,Single image,"Three things collectors hope you don't know:

1. You can make them validate the debt in writing
2. Debt buyers often can't prove they even own it
3. Balances are frequently inflated, so you may owe far less than they claim

Knowing this changes how you respond.

Attorney Advertising. Credo Legal Services, P.C., 1 Liberty Street, Suite 4010, New York, NY 10006. (212) 461-4026. Legal services are provided by attorneys licensed in the states where they practice; not available in DC, DE, ID, NC, OK, WV or WY. The choice of a lawyer is an important decision and should not be based solely upon advertisements. Prior results do not guarantee a similar outcome.","Know Your Options, Free",Free case review. No cost to learn where you stand.,Book Now,https://start.credolegal.com/debt-harassment-stop-calls,utm_source=meta&utm_medium=paid_social&utm_campaign=credo_meta_competitive_v1&utm_content=A3_three-things-light,https://2-human.github.io/credo-public-meta-ads-preview/handoff/meta-competitive-v1/creatives/static/light/S4_quiz_light_4x5.jpg,https://2-human.github.io/credo-public-meta-ads-preview/handoff/meta-competitive-v1/creatives/static/light/S4_quiz_light_4x5.jpg,https://2-human.github.io/credo-public-meta-ads-preview/handoff/meta-competitive-v1/creatives/static/light/S4_quiz_light_1x1.jpg,(612) 256-8820
Credo Legal — Competitive v1 (Meta),AS_A3_three-things,A3_three-things-v4,Designer set 2,Single image,"Three things collectors hope you don't know:

1. You can make them validate the debt in writing
2. Debt buyers often can't prove they even own it
3. Balances are frequently inflated, so you may owe far less than they claim

Knowing this changes how you respond.

Attorney Advertising. Credo Legal Services, P.C., 1 Liberty Street, Suite 4010, New York, NY 10006. (212) 461-4026. Legal services are provided by attorneys licensed in the states where they practice; not available in DC, DE, ID, NC, OK, WV or WY. The choice of a lawyer is an important decision and should not be based solely upon advertisements. Prior results do not guarantee a similar outcome.","Know Your Options, Free",Free case review. No cost to learn where you stand.,Book Now,https://start.credolegal.com/debt-harassment-stop-calls,utm_source=meta&utm_medium=paid_social&utm_campaign=credo_meta_competitive_v1&utm_content=A3_three-things-v4,https://2-human.github.io/credo-public-meta-ads-preview/handoff/meta-competitive-v1/creatives/static/v4/S4_quiz_v4_4x5.jpg,https://2-human.github.io/credo-public-meta-ads-preview/handoff/meta-competitive-v1/creatives/static/v4/S4_quiz_v4_4x5.jpg,https://2-human.github.io/credo-public-meta-ads-preview/handoff/meta-competitive-v1/creatives/static/v4/S4_quiz_v4_1x1.jpg,(612) 256-8820
Credo Legal — Competitive v1 (Meta),AS_A3_three-things,A3_three-things-video,Video,Video,"Three things collectors hope you don't know:

1. You can make them validate the debt in writing
2. Debt buyers often can't prove they even own it
3. Balances are frequently inflated, so you may owe far less than they claim

Knowing this changes how you respond.

Attorney Advertising. Credo Legal Services, P.C., 1 Liberty Street, Suite 4010, New York, NY 10006. (212) 461-4026. Legal services are provided by attorneys licensed in the states where they practice; not available in DC, DE, ID, NC, OK, WV or WY. The choice of a lawyer is an important decision and should not be based solely upon advertisements. Image is a dramatization. Prior results do not guarantee a similar outcome.","Know Your Options, Free",Free case review. No cost to learn where you stand.,Book Now,https://start.credolegal.com/debt-harassment-stop-calls,utm_source=meta&utm_medium=paid_social&utm_campaign=credo_meta_competitive_v1&utm_content=A3_three-things-video,https://2-human.github.io/credo-public-meta-ads-preview/handoff/meta-competitive-v1/creatives/video/V3_do-they-own-it_4x5.mp4,https://2-human.github.io/credo-public-meta-ads-preview/handoff/meta-competitive-v1/creatives/video/V3_do-they-own-it_4x5.mp4,,(612) 256-8820
Credo Legal — Competitive v1 (Meta),AS_A4_before-after,A4_before-after-v3,Designer set 1,Single image,"They called for years. They never proved the debt was mine.

Before: calls every week, a balance that kept growing, and no proof it was even yours.

After: they have to validate it in writing, attorneys handle the response, and you pay one flat monthly fee.

Free case review.

Attorney Advertising. Credo Legal Services, P.C., 1 Liberty Street, Suite 4010, New York, NY 10006. (212) 461-4026. Legal services are provided by attorneys licensed in the states where they practice; not available in DC, DE, ID, NC, OK, WV or WY. The choice of a lawyer is an important decision and should not be based solely upon advertisements. Prior results do not guarantee a similar outcome.",You Don't Have to Face Them Alone,Flat monthly fee. No contingency.,Book Now,https://start.credolegal.com/credit-card-debt-negotiation,utm_source=meta&utm_medium=paid_social&utm_campaign=credo_meta_competitive_v1&utm_content=A4_before-after-v3,https://2-human.github.io/credo-public-meta-ads-preview/handoff/meta-competitive-v1/creatives/static/v3/S3_before-after_v3_4x5.jpg,https://2-human.github.io/credo-public-meta-ads-preview/handoff/meta-competitive-v1/creatives/static/v3/S3_before-after_v3_4x5.jpg,https://2-human.github.io/credo-public-meta-ads-preview/handoff/meta-competitive-v1/creatives/static/v3/S3_before-after_v3_1x1.jpg,(407) 624-3722
Credo Legal — Competitive v1 (Meta),AS_A4_before-after,A4_before-after-light,Light style,Single image,"They called for years. They never proved the debt was mine.

Before: calls every week, a balance that kept growing, and no proof it was even yours.

After: they have to validate it in writing, attorneys handle the response, and you pay one flat monthly fee.

Free case review.

Attorney Advertising. Credo Legal Services, P.C., 1 Liberty Street, Suite 4010, New York, NY 10006. (212) 461-4026. Legal services are provided by attorneys licensed in the states where they practice; not available in DC, DE, ID, NC, OK, WV or WY. The choice of a lawyer is an important decision and should not be based solely upon advertisements. Prior results do not guarantee a similar outcome.",You Don't Have to Face Them Alone,Flat monthly fee. No contingency.,Book Now,https://start.credolegal.com/credit-card-debt-negotiation,utm_source=meta&utm_medium=paid_social&utm_campaign=credo_meta_competitive_v1&utm_content=A4_before-after-light,https://2-human.github.io/credo-public-meta-ads-preview/handoff/meta-competitive-v1/creatives/static/light/S3_before-after_light_4x5.jpg,https://2-human.github.io/credo-public-meta-ads-preview/handoff/meta-competitive-v1/creatives/static/light/S3_before-after_light_4x5.jpg,https://2-human.github.io/credo-public-meta-ads-preview/handoff/meta-competitive-v1/creatives/static/light/S3_before-after_light_1x1.jpg,(407) 624-3722
Credo Legal — Competitive v1 (Meta),AS_A4_before-after,A4_before-after-v4,Designer set 2,Single image,"They called for years. They never proved the debt was mine.

Before: calls every week, a balance that kept growing, and no proof it was even yours.

After: they have to validate it in writing, attorneys handle the response, and you pay one flat monthly fee.

Free case review.

Attorney Advertising. Credo Legal Services, P.C., 1 Liberty Street, Suite 4010, New York, NY 10006. (212) 461-4026. Legal services are provided by attorneys licensed in the states where they practice; not available in DC, DE, ID, NC, OK, WV or WY. The choice of a lawyer is an important decision and should not be based solely upon advertisements. Image is a dramatization. Prior results do not guarantee a similar outcome.",You Don't Have to Face Them Alone,Flat monthly fee. No contingency.,Book Now,https://start.credolegal.com/credit-card-debt-negotiation,utm_source=meta&utm_medium=paid_social&utm_campaign=credo_meta_competitive_v1&utm_content=A4_before-after-v4,https://2-human.github.io/credo-public-meta-ads-preview/handoff/meta-competitive-v1/creatives/static/v4/S3_before-after_v4_4x5.jpg,https://2-human.github.io/credo-public-meta-ads-preview/handoff/meta-competitive-v1/creatives/static/v4/S3_before-after_v4_4x5.jpg,https://2-human.github.io/credo-public-meta-ads-preview/handoff/meta-competitive-v1/creatives/static/v4/S3_before-after_v4_1x1.jpg,(407) 624-3722
Credo Legal — Competitive v1 (Meta),AS_A4_before-after,A4_before-after-video,Video,Video,"They called for years. They never proved the debt was mine.

Before: calls every week, a balance that kept growing, and no proof it was even yours.

After: they have to validate it in writing, attorneys handle the response, and you pay one flat monthly fee.

Free case review.

Attorney Advertising. Credo Legal Services, P.C., 1 Liberty Street, Suite 4010, New York, NY 10006. (212) 461-4026. Legal services are provided by attorneys licensed in the states where they practice; not available in DC, DE, ID, NC, OK, WV or WY. The choice of a lawyer is an important decision and should not be based solely upon advertisements. Image is a dramatization. Prior results do not guarantee a similar outcome.",You Don't Have to Face Them Alone,Flat monthly fee. No contingency.,Book Now,https://start.credolegal.com/credit-card-debt-negotiation,utm_source=meta&utm_medium=paid_social&utm_campaign=credo_meta_competitive_v1&utm_content=A4_before-after-video,https://2-human.github.io/credo-public-meta-ads-preview/handoff/meta-competitive-v1/creatives/video/V6_the-calls_4x5.mp4,https://2-human.github.io/credo-public-meta-ads-preview/handoff/meta-competitive-v1/creatives/video/V6_the-calls_4x5.mp4,,(407) 624-3722
Credo Legal — Competitive v1 (Meta),AS_A5_medical,A5_medical-v3,Designer set 1,Single image,"A collector says you owe a medical bill. Can they prove it?

Medical billing is full of coding errors and duplicate charges, and a collector has to validate the amount if you ask. Our attorneys review it before you pay anything.

Free case review.

Attorney Advertising. Credo Legal Services, P.C., 1 Liberty Street, Suite 4010, New York, NY 10006. (212) 461-4026. Legal services are provided by attorneys licensed in the states where they practice; not available in DC, DE, ID, NC, OK, WV or WY. The choice of a lawyer is an important decision and should not be based solely upon advertisements. Prior results do not guarantee a similar outcome.",Can They Prove the Amount?,Free review of your medical debt.,Book Now,https://start.credolegal.com/medical-debt-bills-errors,utm_source=meta&utm_medium=paid_social&utm_campaign=credo_meta_competitive_v1&utm_content=A5_medical-v3,https://2-human.github.io/credo-public-meta-ads-preview/handoff/meta-competitive-v1/creatives/static/v3/S5_medical_v3_4x5.jpg,https://2-human.github.io/credo-public-meta-ads-preview/handoff/meta-competitive-v1/creatives/static/v3/S5_medical_v3_4x5.jpg,https://2-human.github.io/credo-public-meta-ads-preview/handoff/meta-competitive-v1/creatives/static/v3/S5_medical_v3_1x1.jpg,(801) 386-9050
Credo Legal — Competitive v1 (Meta),AS_A5_medical,A5_medical-light,Light style,Single image,"A collector says you owe a medical bill. Can they prove it?

Medical billing is full of coding errors and duplicate charges, and a collector has to validate the amount if you ask. Our attorneys review it before you pay anything.

Free case review.

Attorney Advertising. Credo Legal Services, P.C., 1 Liberty Street, Suite 4010, New York, NY 10006. (212) 461-4026. Legal services are provided by attorneys licensed in the states where they practice; not available in DC, DE, ID, NC, OK, WV or WY. The choice of a lawyer is an important decision and should not be based solely upon advertisements. Prior results do not guarantee a similar outcome.",Can They Prove the Amount?,Free review of your medical debt.,Book Now,https://start.credolegal.com/medical-debt-bills-errors,utm_source=meta&utm_medium=paid_social&utm_campaign=credo_meta_competitive_v1&utm_content=A5_medical-light,https://2-human.github.io/credo-public-meta-ads-preview/handoff/meta-competitive-v1/creatives/static/light/S5_medical_light_4x5.jpg,https://2-human.github.io/credo-public-meta-ads-preview/handoff/meta-competitive-v1/creatives/static/light/S5_medical_light_4x5.jpg,https://2-human.github.io/credo-public-meta-ads-preview/handoff/meta-competitive-v1/creatives/static/light/S5_medical_light_1x1.jpg,(801) 386-9050
Credo Legal — Competitive v1 (Meta),AS_A5_medical,A5_medical-v4,Designer set 2,Single image,"A collector says you owe a medical bill. Can they prove it?

Medical billing is full of coding errors and duplicate charges, and a collector has to validate the amount if you ask. Our attorneys review it before you pay anything.

Free case review.

Attorney Advertising. Credo Legal Services, P.C., 1 Liberty Street, Suite 4010, New York, NY 10006. (212) 461-4026. Legal services are provided by attorneys licensed in the states where they practice; not available in DC, DE, ID, NC, OK, WV or WY. The choice of a lawyer is an important decision and should not be based solely upon advertisements. Image is a dramatization. Prior results do not guarantee a similar outcome.",Can They Prove the Amount?,Free review of your medical debt.,Book Now,https://start.credolegal.com/medical-debt-bills-errors,utm_source=meta&utm_medium=paid_social&utm_campaign=credo_meta_competitive_v1&utm_content=A5_medical-v4,https://2-human.github.io/credo-public-meta-ads-preview/handoff/meta-competitive-v1/creatives/static/v4/S5_medical_v4_4x5.jpg,https://2-human.github.io/credo-public-meta-ads-preview/handoff/meta-competitive-v1/creatives/static/v4/S5_medical_v4_4x5.jpg,https://2-human.github.io/credo-public-meta-ads-preview/handoff/meta-competitive-v1/creatives/static/v4/S5_medical_v4_1x1.jpg,(801) 386-9050
Credo Legal — Competitive v1 (Meta),AS_A5_medical,A5_medical-video,Video,Video,"A collector says you owe a medical bill. Can they prove it?

Medical billing is full of coding errors and duplicate charges, and a collector has to validate the amount if you ask. Our attorneys review it before you pay anything.

Free case review.

Attorney Advertising. Credo Legal Services, P.C., 1 Liberty Street, Suite 4010, New York, NY 10006. (212) 461-4026. Legal services are provided by attorneys licensed in the states where they practice; not available in DC, DE, ID, NC, OK, WV or WY. The choice of a lawyer is an important decision and should not be based solely upon advertisements. Image is a dramatization. Prior results do not guarantee a similar outcome.",Can They Prove the Amount?,Free review of your medical debt.,Book Now,https://start.credolegal.com/medical-debt-bills-errors,utm_source=meta&utm_medium=paid_social&utm_campaign=credo_meta_competitive_v1&utm_content=A5_medical-video,https://2-human.github.io/credo-public-meta-ads-preview/handoff/meta-competitive-v1/creatives/video/V5_medical_4x5.mp4,https://2-human.github.io/credo-public-meta-ads-preview/handoff/meta-competitive-v1/creatives/video/V5_medical_4x5.mp4,,(801) 386-9050
Credo Legal — Competitive v1 (Meta),AS_A6_in-writing,A6_in-writing-v3,Designer set 1,Single image,"Make them prove it.

A collector has to validate the debt in writing. Many debt buyers can't.

Free case review. Flat monthly fee. Licensed attorneys.

Attorney Advertising. Credo Legal Services, P.C., 1 Liberty Street, Suite 4010, New York, NY 10006. (212) 461-4026. Legal services are provided by attorneys licensed in the states where they practice; not available in DC, DE, ID, NC, OK, WV or WY. The choice of a lawyer is an important decision and should not be based solely upon advertisements. Image is a dramatization. Prior results do not guarantee a similar outcome.",Make Collectors Prove Before You Pay,Free case review. Flat monthly fee.,Book Now,https://start.credolegal.com/debt-harassment-stop-calls,utm_source=meta&utm_medium=paid_social&utm_campaign=credo_meta_competitive_v1&utm_content=A6_in-writing-v3,https://2-human.github.io/credo-public-meta-ads-preview/handoff/meta-competitive-v1/creatives/static/v3/S6_in-writing_v3_4x5.jpg,https://2-human.github.io/credo-public-meta-ads-preview/handoff/meta-competitive-v1/creatives/static/v3/S6_in-writing_v3_4x5.jpg,https://2-human.github.io/credo-public-meta-ads-preview/handoff/meta-competitive-v1/creatives/static/v3/S6_in-writing_v3_1x1.jpg,(612) 256-8820
Credo Legal — Competitive v1 (Meta),AS_A6_in-writing,A6_in-writing-light,Light style,Single image,"Make them prove it.

A collector has to validate the debt in writing. Many debt buyers can't.

Free case review. Flat monthly fee. Licensed attorneys.

Attorney Advertising. Credo Legal Services, P.C., 1 Liberty Street, Suite 4010, New York, NY 10006. (212) 461-4026. Legal services are provided by attorneys licensed in the states where they practice; not available in DC, DE, ID, NC, OK, WV or WY. The choice of a lawyer is an important decision and should not be based solely upon advertisements. Prior results do not guarantee a similar outcome.",Make Collectors Prove Before You Pay,Free case review. Flat monthly fee.,Book Now,https://start.credolegal.com/debt-harassment-stop-calls,utm_source=meta&utm_medium=paid_social&utm_campaign=credo_meta_competitive_v1&utm_content=A6_in-writing-light,https://2-human.github.io/credo-public-meta-ads-preview/handoff/meta-competitive-v1/creatives/static/light/S6_in-writing_light_4x5.jpg,https://2-human.github.io/credo-public-meta-ads-preview/handoff/meta-competitive-v1/creatives/static/light/S6_in-writing_light_4x5.jpg,https://2-human.github.io/credo-public-meta-ads-preview/handoff/meta-competitive-v1/creatives/static/light/S6_in-writing_light_1x1.jpg,(612) 256-8820
Credo Legal — Competitive v1 (Meta),AS_A6_in-writing,A6_in-writing-v4,Designer set 2,Single image,"Make them prove it.

A collector has to validate the debt in writing. Many debt buyers can't.

Free case review. Flat monthly fee. Licensed attorneys.

Attorney Advertising. Credo Legal Services, P.C., 1 Liberty Street, Suite 4010, New York, NY 10006. (212) 461-4026. Legal services are provided by attorneys licensed in the states where they practice; not available in DC, DE, ID, NC, OK, WV or WY. The choice of a lawyer is an important decision and should not be based solely upon advertisements. Prior results do not guarantee a similar outcome.",Make Collectors Prove Before You Pay,Free case review. Flat monthly fee.,Book Now,https://start.credolegal.com/debt-harassment-stop-calls,utm_source=meta&utm_medium=paid_social&utm_campaign=credo_meta_competitive_v1&utm_content=A6_in-writing-v4,https://2-human.github.io/credo-public-meta-ads-preview/handoff/meta-competitive-v1/creatives/static/v4/S6_in-writing_v4_4x5.jpg,https://2-human.github.io/credo-public-meta-ads-preview/handoff/meta-competitive-v1/creatives/static/v4/S6_in-writing_v4_4x5.jpg,https://2-human.github.io/credo-public-meta-ads-preview/handoff/meta-competitive-v1/creatives/static/v4/S6_in-writing_v4_1x1.jpg,(612) 256-8820
Credo Legal — Competitive v1 (Meta),AS_A6_in-writing,A6_in-writing-video,Video,Video,"Make them prove it.

A collector has to validate the debt in writing. Many debt buyers can't.

Free case review. Flat monthly fee. Licensed attorneys.

Attorney Advertising. Credo Legal Services, P.C., 1 Liberty Street, Suite 4010, New York, NY 10006. (212) 461-4026. Legal services are provided by attorneys licensed in the states where they practice; not available in DC, DE, ID, NC, OK, WV or WY. The choice of a lawyer is an important decision and should not be based solely upon advertisements. Image is a dramatization. Prior results do not guarantee a similar outcome.",Make Collectors Prove Before You Pay,Free case review. Flat monthly fee.,Book Now,https://start.credolegal.com/debt-harassment-stop-calls,utm_source=meta&utm_medium=paid_social&utm_campaign=credo_meta_competitive_v1&utm_content=A6_in-writing-video,https://2-human.github.io/credo-public-meta-ads-preview/handoff/meta-competitive-v1/creatives/video/V4_in-writing_4x5.mp4,https://2-human.github.io/credo-public-meta-ads-preview/handoff/meta-competitive-v1/creatives/video/V4_in-writing_4x5.mp4,,(612) 256-8820
Credo Legal — Competitive v1 (Meta),AS_DD_CC_Lawsuit,DD_CC_Lawsuit-illustration,Illustration,Single image,"Sued by a credit card company? The clock is already ticking. Miss the deadline to respond and they can win by default. Our attorneys can file your answer and make the creditor prove they own the debt and the amount. If they can't, your case could be dismissed.

Attorney Advertising. Credo Legal Services, P.C., 1 Liberty Street, Suite 4010, New York, NY 10006. (212) 461-4026. Legal services are provided by attorneys licensed in the states where they practice; not available in DC, DE, ID, NC, OK, WV or WY. The choice of a lawyer is an important decision and should not be based solely upon advertisements. Image is a dramatization. Prior results do not guarantee a similar outcome.",Get a Free Review of Your Case,Flat monthly fee. Attorneys licensed in your state.,Book Now,https://start.credolegal.com/credit-card-debt-lawsuit-respond,utm_source=meta&utm_medium=paid_social&utm_campaign=credo_meta_competitive_v1&utm_content=DD_CC_Lawsuit-illustration,https://2-human.github.io/credo-public-meta-ads-preview/assets/credit-card/v3-pilot/CC_Lawsuit_D1_Illustration_4x5.jpeg,https://2-human.github.io/credo-public-meta-ads-preview/handoff/baked-9x16/CC_Lawsuit/CC_Lawsuit_illustration_9x16.png,https://2-human.github.io/credo-public-meta-ads-preview/assets/credit-card/v3-pilot/CC_Lawsuit_D1_Illustration_1x1.png,(407) 624-3722
Credo Legal — Competitive v1 (Meta),AS_DD_CC_Lawsuit,DD_CC_Lawsuit-photo,Photo,Single image,"Sued by a credit card company? The clock is already ticking. Miss the deadline to respond and they can win by default. Our attorneys can file your answer and make the creditor prove they own the debt and the amount. If they can't, your case could be dismissed.

Attorney Advertising. Credo Legal Services, P.C., 1 Liberty Street, Suite 4010, New York, NY 10006. (212) 461-4026. Legal services are provided by attorneys licensed in the states where they practice; not available in DC, DE, ID, NC, OK, WV or WY. The choice of a lawyer is an important decision and should not be based solely upon advertisements. Image is a dramatization. Prior results do not guarantee a similar outcome.",Get a Free Review of Your Case,Flat monthly fee. Attorneys licensed in your state.,Book Now,https://start.credolegal.com/credit-card-debt-lawsuit-respond,utm_source=meta&utm_medium=paid_social&utm_campaign=credo_meta_competitive_v1&utm_content=DD_CC_Lawsuit-photo,https://2-human.github.io/credo-public-meta-ads-preview/assets/credit-card/v3-pilot/CC_Lawsuit_D2_Photo_4x5.jpeg,https://2-human.github.io/credo-public-meta-ads-preview/handoff/baked-9x16/CC_Lawsuit/CC_Lawsuit_photo_9x16.png,https://2-human.github.io/credo-public-meta-ads-preview/assets/credit-card/v3-pilot/CC_Lawsuit_D2_Photo_1x1.png,(407) 624-3722
Credo Legal — Competitive v1 (Meta),AS_DD_CC_Lawsuit,DD_CC_Lawsuit-stilllife,Still life,Single image,"Sued by a credit card company? The clock is already ticking. Miss the deadline to respond and they can win by default. Our attorneys can file your answer and make the creditor prove they own the debt and the amount. If they can't, your case could be dismissed.

Attorney Advertising. Credo Legal Services, P.C., 1 Liberty Street, Suite 4010, New York, NY 10006. (212) 461-4026. Legal services are provided by attorneys licensed in the states where they practice; not available in DC, DE, ID, NC, OK, WV or WY. The choice of a lawyer is an important decision and should not be based solely upon advertisements. Image is a dramatization. Prior results do not guarantee a similar outcome.",Get a Free Review of Your Case,Flat monthly fee. Attorneys licensed in your state.,Book Now,https://start.credolegal.com/credit-card-debt-lawsuit-respond,utm_source=meta&utm_medium=paid_social&utm_campaign=credo_meta_competitive_v1&utm_content=DD_CC_Lawsuit-stilllife,https://2-human.github.io/credo-public-meta-ads-preview/assets/credit-card/v3-pilot/CC_Lawsuit_D3_StillLife_4x5.jpeg,https://2-human.github.io/credo-public-meta-ads-preview/handoff/baked-9x16/CC_Lawsuit/CC_Lawsuit_stilllife_9x16.png,https://2-human.github.io/credo-public-meta-ads-preview/assets/credit-card/v3-pilot/CC_Lawsuit_D3_StillLife_1x1.png,(407) 624-3722
Credo Legal — Competitive v1 (Meta),AS_DD_CC_Lawsuit,DD_CC_Lawsuit-video,Video,Video,"Sued by a credit card company? The clock is already ticking. Miss the deadline to respond and they can win by default. Our attorneys can file your answer and make the creditor prove they own the debt and the amount. If they can't, your case could be dismissed.

Attorney Advertising. Credo Legal Services, P.C., 1 Liberty Street, Suite 4010, New York, NY 10006. (212) 461-4026. Legal services are provided by attorneys licensed in the states where they practice; not available in DC, DE, ID, NC, OK, WV or WY. The choice of a lawyer is an important decision and should not be based solely upon advertisements. Image is a dramatization. Prior results do not guarantee a similar outcome.",Get a Free Review of Your Case,Flat monthly fee. Attorneys licensed in your state.,Book Now,https://start.credolegal.com/credit-card-debt-lawsuit-respond,utm_source=meta&utm_medium=paid_social&utm_campaign=credo_meta_competitive_v1&utm_content=DD_CC_Lawsuit-video,https://2-human.github.io/credo-public-meta-ads-preview/assets/credit-card/v3-pilot/CC_Lawsuit_D4_Video_9x16.mp4,https://2-human.github.io/credo-public-meta-ads-preview/assets/credit-card/v3-pilot/CC_Lawsuit_D4_Video_9x16.mp4,,(407) 624-3722
Credo Legal — Competitive v1 (Meta),AS_DD_CC_Harassment,DD_CC_Harassment-illustration,Illustration,Single image,"Getting calls non-stop, at work, at dinner, on weekends? The pressure follows you and you dread your own phone. Our attorneys can send a cease-communication letter and pursue the collector for violations. The calls could stop, and they could owe you up to $1,000 in statutory damages.

Attorney Advertising. Credo Legal Services, P.C., 1 Liberty Street, Suite 4010, New York, NY 10006. (212) 461-4026. Legal services are provided by attorneys licensed in the states where they practice; not available in DC, DE, ID, NC, OK, WV or WY. The choice of a lawyer is an important decision and should not be based solely upon advertisements. Image is a dramatization. Prior results do not guarantee a similar outcome.",Get a Free Review of Your Case,"Flat monthly fee. We talk to them, not you.",Book Now,https://start.credolegal.com/credit-card-debt-stop-calls,utm_source=meta&utm_medium=paid_social&utm_campaign=credo_meta_competitive_v1&utm_content=DD_CC_Harassment-illustration,https://2-human.github.io/credo-public-meta-ads-preview/assets/credit-card/v3-pilot/CC_Harassment_D1_Illustration_4x5.jpeg,https://2-human.github.io/credo-public-meta-ads-preview/handoff/baked-9x16/CC_Harassment/CC_Harassment_illustration_9x16.png,https://2-human.github.io/credo-public-meta-ads-preview/assets/credit-card/v3-pilot/CC_Harassment_D1_Illustration_1x1.png,(407) 624-3722
Credo Legal — Competitive v1 (Meta),AS_DD_CC_Harassment,DD_CC_Harassment-photo,Photo,Single image,"Getting calls non-stop, at work, at dinner, on weekends? The pressure follows you and you dread your own phone. Our attorneys can send a cease-communication letter and pursue the collector for violations. The calls could stop, and they could owe you up to $1,000 in statutory damages.

Attorney Advertising. Credo Legal Services, P.C., 1 Liberty Street, Suite 4010, New York, NY 10006. (212) 461-4026. Legal services are provided by attorneys licensed in the states where they practice; not available in DC, DE, ID, NC, OK, WV or WY. The choice of a lawyer is an important decision and should not be based solely upon advertisements. Image is a dramatization. Prior results do not guarantee a similar outcome.",Get a Free Review of Your Case,"Flat monthly fee. We talk to them, not you.",Book Now,https://start.credolegal.com/credit-card-debt-stop-calls,utm_source=meta&utm_medium=paid_social&utm_campaign=credo_meta_competitive_v1&utm_content=DD_CC_Harassment-photo,https://2-human.github.io/credo-public-meta-ads-preview/assets/credit-card/v3-pilot/CC_Harassment_D2_Photo_4x5.jpeg,https://2-human.github.io/credo-public-meta-ads-preview/handoff/baked-9x16/CC_Harassment/CC_Harassment_photo_9x16.png,https://2-human.github.io/credo-public-meta-ads-preview/assets/credit-card/v3-pilot/CC_Harassment_D2_Photo_1x1.png,(407) 624-3722
Credo Legal — Competitive v1 (Meta),AS_DD_CC_Harassment,DD_CC_Harassment-stilllife,Still life,Single image,"Getting calls non-stop, at work, at dinner, on weekends? The pressure follows you and you dread your own phone. Our attorneys can send a cease-communication letter and pursue the collector for violations. The calls could stop, and they could owe you up to $1,000 in statutory damages.

Attorney Advertising. Credo Legal Services, P.C., 1 Liberty Street, Suite 4010, New York, NY 10006. (212) 461-4026. Legal services are provided by attorneys licensed in the states where they practice; not available in DC, DE, ID, NC, OK, WV or WY. The choice of a lawyer is an important decision and should not be based solely upon advertisements. Image is a dramatization. Prior results do not guarantee a similar outcome.",Get a Free Review of Your Case,"Flat monthly fee. We talk to them, not you.",Book Now,https://start.credolegal.com/credit-card-debt-stop-calls,utm_source=meta&utm_medium=paid_social&utm_campaign=credo_meta_competitive_v1&utm_content=DD_CC_Harassment-stilllife,https://2-human.github.io/credo-public-meta-ads-preview/assets/credit-card/v3-pilot/CC_Harassment_D3_StillLife_4x5.jpeg,https://2-human.github.io/credo-public-meta-ads-preview/handoff/baked-9x16/CC_Harassment/CC_Harassment_stilllife_9x16.png,https://2-human.github.io/credo-public-meta-ads-preview/assets/credit-card/v3-pilot/CC_Harassment_D3_StillLife_1x1.png,(407) 624-3722
Credo Legal — Competitive v1 (Meta),AS_DD_CC_Harassment,DD_CC_Harassment-video,Video,Video,"Getting calls non-stop, at work, at dinner, on weekends? The pressure follows you and you dread your own phone. Our attorneys can send a cease-communication letter and pursue the collector for violations. The calls could stop, and they could owe you up to $1,000 in statutory damages.

Attorney Advertising. Credo Legal Services, P.C., 1 Liberty Street, Suite 4010, New York, NY 10006. (212) 461-4026. Legal services are provided by attorneys licensed in the states where they practice; not available in DC, DE, ID, NC, OK, WV or WY. The choice of a lawyer is an important decision and should not be based solely upon advertisements. Image is a dramatization. Prior results do not guarantee a similar outcome.",Get a Free Review of Your Case,"Flat monthly fee. We talk to them, not you.",Book Now,https://start.credolegal.com/credit-card-debt-stop-calls,utm_source=meta&utm_medium=paid_social&utm_campaign=credo_meta_competitive_v1&utm_content=DD_CC_Harassment-video,https://2-human.github.io/credo-public-meta-ads-preview/assets/credit-card/v3-pilot/CC_Harassment_D4_Video_9x16.mp4,https://2-human.github.io/credo-public-meta-ads-preview/assets/credit-card/v3-pilot/CC_Harassment_D4_Video_9x16.mp4,,(407) 624-3722
Credo Legal — Competitive v1 (Meta),AS_DD_CC_Harassment,DD_CC_Harassment-bold,Bold,Single image,"Your credit card collector may be breaking the law. Calls before 8am, after 9pm, at your job, or after you told them to stop can each be an FDCPA violation. Our attorneys can send a cease letter and pursue every violation. They could owe you up to $1,000 in statutory damages. We'll check your calls, free.

Attorney Advertising. Credo Legal Services, P.C., 1 Liberty Street, Suite 4010, New York, NY 10006. (212) 461-4026. Legal services are provided by attorneys licensed in the states where they practice; not available in DC, DE, ID, NC, OK, WV or WY. The choice of a lawyer is an important decision and should not be based solely upon advertisements. Image is a dramatization. Prior results do not guarantee a similar outcome.",Get a Free Review of Your Case,"Flat monthly fee. We talk to them, not you.",Book Now,https://start.credolegal.com/credit-card-debt-stop-calls,utm_source=meta&utm_medium=paid_social&utm_campaign=credo_meta_competitive_v1&utm_content=DD_CC_Harassment-bold,https://2-human.github.io/credo-public-meta-ads-preview/assets/bold/bake-stop-m-4x5.jpeg,https://2-human.github.io/credo-public-meta-ads-preview/assets/bold/bake-stop-m-9x16.jpeg,https://2-human.github.io/credo-public-meta-ads-preview/assets/bold/bake-stop-m-1x1.jpeg,(407) 624-3722
Credo Legal — Competitive v1 (Meta),AS_DD_CC_Negotiation,DD_CC_Negotiation-illustration,Illustration,Single image,"Buried under a credit card balance that keeps growing? Confusing interest and fees pile on, and you may not owe every dollar your creditors claim. Our attorneys can challenge whether the debt is valid and negotiate your balance down. You could pay less than what they say you owe.

Attorney Advertising. Credo Legal Services, P.C., 1 Liberty Street, Suite 4010, New York, NY 10006. (212) 461-4026. Legal services are provided by attorneys licensed in the states where they practice; not available in DC, DE, ID, NC, OK, WV or WY. The choice of a lawyer is an important decision and should not be based solely upon advertisements. Image is a dramatization. Prior results do not guarantee a similar outcome.",Get a Free Review of Your Case,Flat monthly fee. Attorney-led from day one.,Book Now,https://start.credolegal.com/credit-card-debt-negotiation,utm_source=meta&utm_medium=paid_social&utm_campaign=credo_meta_competitive_v1&utm_content=DD_CC_Negotiation-illustration,https://2-human.github.io/credo-public-meta-ads-preview/assets/credit-card/v3-pilot/CC_Negotiation_D1_Illustration_4x5.png,https://2-human.github.io/credo-public-meta-ads-preview/handoff/baked-9x16/CC_Negotiation/CC_Negotiation_illustration_9x16.png,https://2-human.github.io/credo-public-meta-ads-preview/assets/credit-card/v3-pilot/CC_Negotiation_D1_Illustration_1x1.png,(407) 624-3722
Credo Legal — Competitive v1 (Meta),AS_DD_CC_Negotiation,DD_CC_Negotiation-photo,Photo,Single image,"Buried under a credit card balance that keeps growing? Confusing interest and fees pile on, and you may not owe every dollar your creditors claim. Our attorneys can challenge whether the debt is valid and negotiate your balance down. You could pay less than what they say you owe.

Attorney Advertising. Credo Legal Services, P.C., 1 Liberty Street, Suite 4010, New York, NY 10006. (212) 461-4026. Legal services are provided by attorneys licensed in the states where they practice; not available in DC, DE, ID, NC, OK, WV or WY. The choice of a lawyer is an important decision and should not be based solely upon advertisements. Image is a dramatization. Prior results do not guarantee a similar outcome.",Get a Free Review of Your Case,Flat monthly fee. Attorney-led from day one.,Book Now,https://start.credolegal.com/credit-card-debt-negotiation,utm_source=meta&utm_medium=paid_social&utm_campaign=credo_meta_competitive_v1&utm_content=DD_CC_Negotiation-photo,https://2-human.github.io/credo-public-meta-ads-preview/assets/credit-card/v3-pilot/CC_Negotiation_D2_Photo_4x5.png,https://2-human.github.io/credo-public-meta-ads-preview/handoff/baked-9x16/CC_Negotiation/CC_Negotiation_photo_9x16.png,https://2-human.github.io/credo-public-meta-ads-preview/assets/credit-card/v3-pilot/CC_Negotiation_D2_Photo_1x1.png,(407) 624-3722
Credo Legal — Competitive v1 (Meta),AS_DD_CC_Negotiation,DD_CC_Negotiation-stilllife,Still life,Single image,"Buried under a credit card balance that keeps growing? Confusing interest and fees pile on, and you may not owe every dollar your creditors claim. Our attorneys can challenge whether the debt is valid and negotiate your balance down. You could pay less than what they say you owe.

Attorney Advertising. Credo Legal Services, P.C., 1 Liberty Street, Suite 4010, New York, NY 10006. (212) 461-4026. Legal services are provided by attorneys licensed in the states where they practice; not available in DC, DE, ID, NC, OK, WV or WY. The choice of a lawyer is an important decision and should not be based solely upon advertisements. Image is a dramatization. Prior results do not guarantee a similar outcome.",Get a Free Review of Your Case,Flat monthly fee. Attorney-led from day one.,Book Now,https://start.credolegal.com/credit-card-debt-negotiation,utm_source=meta&utm_medium=paid_social&utm_campaign=credo_meta_competitive_v1&utm_content=DD_CC_Negotiation-stilllife,https://2-human.github.io/credo-public-meta-ads-preview/assets/credit-card/v3-pilot/CC_Negotiation_D3_StillLife_4x5.png,https://2-human.github.io/credo-public-meta-ads-preview/handoff/baked-9x16/CC_Negotiation/CC_Negotiation_stilllife_9x16.png,https://2-human.github.io/credo-public-meta-ads-preview/assets/credit-card/v3-pilot/CC_Negotiation_D3_StillLife_1x1.png,(407) 624-3722
Credo Legal — Competitive v1 (Meta),AS_DD_CC_Negotiation,DD_CC_Negotiation-video,Video,Video,"Buried under a credit card balance that keeps growing? Confusing interest and fees pile on, and you may not owe every dollar your creditors claim. Our attorneys can challenge whether the debt is valid and negotiate your balance down. You could pay less than what they say you owe.

Attorney Advertising. Credo Legal Services, P.C., 1 Liberty Street, Suite 4010, New York, NY 10006. (212) 461-4026. Legal services are provided by attorneys licensed in the states where they practice; not available in DC, DE, ID, NC, OK, WV or WY. The choice of a lawyer is an important decision and should not be based solely upon advertisements. Image is a dramatization. Prior results do not guarantee a similar outcome.",Get a Free Review of Your Case,Flat monthly fee. Attorney-led from day one.,Book Now,https://start.credolegal.com/credit-card-debt-negotiation,utm_source=meta&utm_medium=paid_social&utm_campaign=credo_meta_competitive_v1&utm_content=DD_CC_Negotiation-video,https://2-human.github.io/credo-public-meta-ads-preview/assets/credit-card/v3-pilot/CC_Negotiation_D4_Video_9x16.mp4,https://2-human.github.io/credo-public-meta-ads-preview/assets/credit-card/v3-pilot/CC_Negotiation_D4_Video_9x16.mp4,,(407) 624-3722
Credo Legal — Competitive v1 (Meta),AS_DD_CC_Negotiation,DD_CC_Negotiation-bold,Bold,Single image,"You may be about to overpay a credit card debt. Interest and fees inflate balances, and you may not owe every dollar they claim. Our attorneys can challenge whether the debt is valid and negotiate it down before you pay. You could owe far less. We'll check the number, free.

Attorney Advertising. Credo Legal Services, P.C., 1 Liberty Street, Suite 4010, New York, NY 10006. (212) 461-4026. Legal services are provided by attorneys licensed in the states where they practice; not available in DC, DE, ID, NC, OK, WV or WY. The choice of a lawyer is an important decision and should not be based solely upon advertisements. Image is a dramatization. Prior results do not guarantee a similar outcome.",Get a Free Review of Your Case,Flat monthly fee. Attorney-led from day one.,Book Now,https://start.credolegal.com/credit-card-debt-negotiation,utm_source=meta&utm_medium=paid_social&utm_campaign=credo_meta_competitive_v1&utm_content=DD_CC_Negotiation-bold,https://2-human.github.io/credo-public-meta-ads-preview/assets/bold/bake-pinch-m-4x5.jpeg,https://2-human.github.io/credo-public-meta-ads-preview/assets/bold/bake-pinch-m-9x16.jpeg,https://2-human.github.io/credo-public-meta-ads-preview/assets/bold/bake-pinch-m-1x1.jpeg,(407) 624-3722
Credo Legal — Competitive v1 (Meta),AS_DD_Collection_Lawsuit,DD_Collection_Lawsuit-illustration,Illustration,Single image,"Sued by a debt collector? You usually have only a few weeks to reply. Miss the window and they can automatically garnish your pay. Our attorneys can file your court answer and demand the collector prove they own the debt. Your case could be dismissed if they can't.

Attorney Advertising. Credo Legal Services, P.C., 1 Liberty Street, Suite 4010, New York, NY 10006. (212) 461-4026. Legal services are provided by attorneys licensed in the states where they practice; not available in DC, DE, ID, NC, OK, WV or WY. The choice of a lawyer is an important decision and should not be based solely upon advertisements. Image is a dramatization. Prior results do not guarantee a similar outcome.",Get a Free Review of Your Case,Flat monthly fee. Attorneys licensed in your state.,Book Now,https://start.credolegal.com/debt-lawsuit-respond-on-time,utm_source=meta&utm_medium=paid_social&utm_campaign=credo_meta_competitive_v1&utm_content=DD_Collection_Lawsuit-illustration,https://2-human.github.io/credo-public-meta-ads-preview/assets/lawsuit/v3-pilot/Collection_Lawsuit_D1_Illustration_4x5.png,https://2-human.github.io/credo-public-meta-ads-preview/handoff/baked-9x16/Collection_Lawsuit/Collection_Lawsuit_illustration_9x16.png,https://2-human.github.io/credo-public-meta-ads-preview/assets/lawsuit/v3-pilot/Collection_Lawsuit_D1_Illustration_1x1.png,(718) 521-4060
Credo Legal — Competitive v1 (Meta),AS_DD_Collection_Lawsuit,DD_Collection_Lawsuit-photo,Photo,Single image,"Sued by a debt collector? You usually have only a few weeks to reply. Miss the window and they can automatically garnish your pay. Our attorneys can file your court answer and demand the collector prove they own the debt. Your case could be dismissed if they can't.

Attorney Advertising. Credo Legal Services, P.C., 1 Liberty Street, Suite 4010, New York, NY 10006. (212) 461-4026. Legal services are provided by attorneys licensed in the states where they practice; not available in DC, DE, ID, NC, OK, WV or WY. The choice of a lawyer is an important decision and should not be based solely upon advertisements. Image is a dramatization. Prior results do not guarantee a similar outcome.",Get a Free Review of Your Case,Flat monthly fee. Attorneys licensed in your state.,Book Now,https://start.credolegal.com/debt-lawsuit-respond-on-time,utm_source=meta&utm_medium=paid_social&utm_campaign=credo_meta_competitive_v1&utm_content=DD_Collection_Lawsuit-photo,https://2-human.github.io/credo-public-meta-ads-preview/assets/lawsuit/v3-pilot/Collection_Lawsuit_D2_Photo_4x5.png,https://2-human.github.io/credo-public-meta-ads-preview/handoff/baked-9x16/Collection_Lawsuit/Collection_Lawsuit_photo_9x16.png,https://2-human.github.io/credo-public-meta-ads-preview/assets/lawsuit/v3-pilot/Collection_Lawsuit_D2_Photo_1x1.png,(718) 521-4060
Credo Legal — Competitive v1 (Meta),AS_DD_Collection_Lawsuit,DD_Collection_Lawsuit-stilllife,Still life,Single image,"Sued by a debt collector? You usually have only a few weeks to reply. Miss the window and they can automatically garnish your pay. Our attorneys can file your court answer and demand the collector prove they own the debt. Your case could be dismissed if they can't.

Attorney Advertising. Credo Legal Services, P.C., 1 Liberty Street, Suite 4010, New York, NY 10006. (212) 461-4026. Legal services are provided by attorneys licensed in the states where they practice; not available in DC, DE, ID, NC, OK, WV or WY. The choice of a lawyer is an important decision and should not be based solely upon advertisements. Image is a dramatization. Prior results do not guarantee a similar outcome.",Get a Free Review of Your Case,Flat monthly fee. Attorneys licensed in your state.,Book Now,https://start.credolegal.com/debt-lawsuit-respond-on-time,utm_source=meta&utm_medium=paid_social&utm_campaign=credo_meta_competitive_v1&utm_content=DD_Collection_Lawsuit-stilllife,https://2-human.github.io/credo-public-meta-ads-preview/assets/lawsuit/v3-pilot/Collection_Lawsuit_D3_StillLife_4x5.png,https://2-human.github.io/credo-public-meta-ads-preview/handoff/baked-9x16/Collection_Lawsuit/Collection_Lawsuit_stilllife_9x16.png,https://2-human.github.io/credo-public-meta-ads-preview/assets/lawsuit/v3-pilot/Collection_Lawsuit_D3_StillLife_1x1.png,(718) 521-4060
Credo Legal — Competitive v1 (Meta),AS_DD_Collection_Lawsuit,DD_Collection_Lawsuit-video,Video,Video,"Sued by a debt collector? You usually have only a few weeks to reply. Miss the window and they can automatically garnish your pay. Our attorneys can file your court answer and demand the collector prove they own the debt. Your case could be dismissed if they can't.

Attorney Advertising. Credo Legal Services, P.C., 1 Liberty Street, Suite 4010, New York, NY 10006. (212) 461-4026. Legal services are provided by attorneys licensed in the states where they practice; not available in DC, DE, ID, NC, OK, WV or WY. The choice of a lawyer is an important decision and should not be based solely upon advertisements. Image is a dramatization. Prior results do not guarantee a similar outcome.",Get a Free Review of Your Case,Flat monthly fee. Attorneys licensed in your state.,Book Now,https://start.credolegal.com/debt-lawsuit-respond-on-time,utm_source=meta&utm_medium=paid_social&utm_campaign=credo_meta_competitive_v1&utm_content=DD_Collection_Lawsuit-video,https://2-human.github.io/credo-public-meta-ads-preview/assets/lawsuit/v3-pilot/Collection_Lawsuit_D4_Video_9x16.mp4,https://2-human.github.io/credo-public-meta-ads-preview/assets/lawsuit/v3-pilot/Collection_Lawsuit_D4_Video_9x16.mp4,,(718) 521-4060
Credo Legal — Competitive v1 (Meta),AS_DD_Creditor_Suing,DD_Creditor_Suing-illustration,Illustration,Single image,"Is a creditor suing you? They have attorneys who do this every day, and standing alone feels stacked from the start. Our attorneys can step in, file your answer, and hold the creditor to their burden of proof. The case could end in a dismissal or a settlement you can live with.

Attorney Advertising. Credo Legal Services, P.C., 1 Liberty Street, Suite 4010, New York, NY 10006. (212) 461-4026. Legal services are provided by attorneys licensed in the states where they practice; not available in DC, DE, ID, NC, OK, WV or WY. The choice of a lawyer is an important decision and should not be based solely upon advertisements. Image is a dramatization. Prior results do not guarantee a similar outcome.",Get a Free Review of Your Case,Flat monthly fee. We level the field.,Book Now,https://start.credolegal.com/debt-lawsuit-attorney,utm_source=meta&utm_medium=paid_social&utm_campaign=credo_meta_competitive_v1&utm_content=DD_Creditor_Suing-illustration,https://2-human.github.io/credo-public-meta-ads-preview/assets/lawsuit/v3-pilot/Creditor_Suing_D1_Illustration_4x5.png,https://2-human.github.io/credo-public-meta-ads-preview/handoff/baked-9x16/Creditor_Suing/Creditor_Suing_illustration_9x16.png,https://2-human.github.io/credo-public-meta-ads-preview/assets/lawsuit/v3-pilot/Creditor_Suing_D1_Illustration_1x1.png,(718) 521-4060
Credo Legal — Competitive v1 (Meta),AS_DD_Creditor_Suing,DD_Creditor_Suing-photo,Photo,Single image,"Is a creditor suing you? They have attorneys who do this every day, and standing alone feels stacked from the start. Our attorneys can step in, file your answer, and hold the creditor to their burden of proof. The case could end in a dismissal or a settlement you can live with.

Attorney Advertising. Credo Legal Services, P.C., 1 Liberty Street, Suite 4010, New York, NY 10006. (212) 461-4026. Legal services are provided by attorneys licensed in the states where they practice; not available in DC, DE, ID, NC, OK, WV or WY. The choice of a lawyer is an important decision and should not be based solely upon advertisements. Image is a dramatization. Prior results do not guarantee a similar outcome.",Get a Free Review of Your Case,Flat monthly fee. We level the field.,Book Now,https://start.credolegal.com/debt-lawsuit-attorney,utm_source=meta&utm_medium=paid_social&utm_campaign=credo_meta_competitive_v1&utm_content=DD_Creditor_Suing-photo,https://2-human.github.io/credo-public-meta-ads-preview/assets/lawsuit/v3-pilot/Creditor_Suing_D2_Photo_4x5.png,https://2-human.github.io/credo-public-meta-ads-preview/handoff/baked-9x16/Creditor_Suing/Creditor_Suing_photo_9x16.png,https://2-human.github.io/credo-public-meta-ads-preview/assets/lawsuit/v3-pilot/Creditor_Suing_D2_Photo_1x1.png,(718) 521-4060
Credo Legal — Competitive v1 (Meta),AS_DD_Creditor_Suing,DD_Creditor_Suing-stilllife,Still life,Single image,"Is a creditor suing you? They have attorneys who do this every day, and standing alone feels stacked from the start. Our attorneys can step in, file your answer, and hold the creditor to their burden of proof. The case could end in a dismissal or a settlement you can live with.

Attorney Advertising. Credo Legal Services, P.C., 1 Liberty Street, Suite 4010, New York, NY 10006. (212) 461-4026. Legal services are provided by attorneys licensed in the states where they practice; not available in DC, DE, ID, NC, OK, WV or WY. The choice of a lawyer is an important decision and should not be based solely upon advertisements. Image is a dramatization. Prior results do not guarantee a similar outcome.",Get a Free Review of Your Case,Flat monthly fee. We level the field.,Book Now,https://start.credolegal.com/debt-lawsuit-attorney,utm_source=meta&utm_medium=paid_social&utm_campaign=credo_meta_competitive_v1&utm_content=DD_Creditor_Suing-stilllife,https://2-human.github.io/credo-public-meta-ads-preview/assets/lawsuit/v3-pilot/Creditor_Suing_D3_StillLife_4x5.png,https://2-human.github.io/credo-public-meta-ads-preview/handoff/baked-9x16/Creditor_Suing/Creditor_Suing_stilllife_9x16.png,https://2-human.github.io/credo-public-meta-ads-preview/assets/lawsuit/v3-pilot/Creditor_Suing_D3_StillLife_1x1.png,(718) 521-4060
Credo Legal — Competitive v1 (Meta),AS_DD_Creditor_Suing,DD_Creditor_Suing-video,Video,Video,"Is a creditor suing you? They have attorneys who do this every day, and standing alone feels stacked from the start. Our attorneys can step in, file your answer, and hold the creditor to their burden of proof. The case could end in a dismissal or a settlement you can live with.

Attorney Advertising. Credo Legal Services, P.C., 1 Liberty Street, Suite 4010, New York, NY 10006. (212) 461-4026. Legal services are provided by attorneys licensed in the states where they practice; not available in DC, DE, ID, NC, OK, WV or WY. The choice of a lawyer is an important decision and should not be based solely upon advertisements. Image is a dramatization. Prior results do not guarantee a similar outcome.",Get a Free Review of Your Case,Flat monthly fee. We level the field.,Book Now,https://start.credolegal.com/debt-lawsuit-attorney,utm_source=meta&utm_medium=paid_social&utm_campaign=credo_meta_competitive_v1&utm_content=DD_Creditor_Suing-video,https://2-human.github.io/credo-public-meta-ads-preview/assets/lawsuit/v3-pilot/Creditor_Suing_D4_Video_9x16.mp4,https://2-human.github.io/credo-public-meta-ads-preview/assets/lawsuit/v3-pilot/Creditor_Suing_D4_Video_9x16.mp4,,(718) 521-4060
Credo Legal — Competitive v1 (Meta),AS_DD_Served_Papers,DD_Served_Papers-illustration,Illustration,Single image,"Just got served court papers? Your stomach dropped and it feels final, but it isn't. Our attorneys can review the summons, file your answer in time, and make the collector prove the debt. Acting now could keep the case from becoming a default judgment.

Attorney Advertising. Credo Legal Services, P.C., 1 Liberty Street, Suite 4010, New York, NY 10006. (212) 461-4026. Legal services are provided by attorneys licensed in the states where they practice; not available in DC, DE, ID, NC, OK, WV or WY. The choice of a lawyer is an important decision and should not be based solely upon advertisements. Image is a dramatization. Prior results do not guarantee a similar outcome.",Get a Free Review of Your Case,Flat monthly fee. It's not too late to respond.,Book Now,https://start.credolegal.com/debt-lawsuit-summons-respond,utm_source=meta&utm_medium=paid_social&utm_campaign=credo_meta_competitive_v1&utm_content=DD_Served_Papers-illustration,https://2-human.github.io/credo-public-meta-ads-preview/assets/lawsuit/v3-pilot/Served_Papers_D1_Illustration_4x5.png,https://2-human.github.io/credo-public-meta-ads-preview/handoff/baked-9x16/Served_Papers/Served_Papers_illustration_9x16.png,https://2-human.github.io/credo-public-meta-ads-preview/assets/lawsuit/v3-pilot/Served_Papers_D1_Illustration_1x1.png,(718) 521-4060
Credo Legal — Competitive v1 (Meta),AS_DD_Served_Papers,DD_Served_Papers-photo,Photo,Single image,"Just got served court papers? Your stomach dropped and it feels final, but it isn't. Our attorneys can review the summons, file your answer in time, and make the collector prove the debt. Acting now could keep the case from becoming a default judgment.

Attorney Advertising. Credo Legal Services, P.C., 1 Liberty Street, Suite 4010, New York, NY 10006. (212) 461-4026. Legal services are provided by attorneys licensed in the states where they practice; not available in DC, DE, ID, NC, OK, WV or WY. The choice of a lawyer is an important decision and should not be based solely upon advertisements. Image is a dramatization. Prior results do not guarantee a similar outcome.",Get a Free Review of Your Case,Flat monthly fee. It's not too late to respond.,Book Now,https://start.credolegal.com/debt-lawsuit-summons-respond,utm_source=meta&utm_medium=paid_social&utm_campaign=credo_meta_competitive_v1&utm_content=DD_Served_Papers-photo,https://2-human.github.io/credo-public-meta-ads-preview/assets/lawsuit/v3-pilot/Served_Papers_D2_Photo_4x5.png,https://2-human.github.io/credo-public-meta-ads-preview/handoff/baked-9x16/Served_Papers/Served_Papers_photo_9x16.png,https://2-human.github.io/credo-public-meta-ads-preview/assets/lawsuit/v3-pilot/Served_Papers_D2_Photo_1x1.png,(718) 521-4060
Credo Legal — Competitive v1 (Meta),AS_DD_Served_Papers,DD_Served_Papers-stilllife,Still life,Single image,"Just got served court papers? Your stomach dropped and it feels final, but it isn't. Our attorneys can review the summons, file your answer in time, and make the collector prove the debt. Acting now could keep the case from becoming a default judgment.

Attorney Advertising. Credo Legal Services, P.C., 1 Liberty Street, Suite 4010, New York, NY 10006. (212) 461-4026. Legal services are provided by attorneys licensed in the states where they practice; not available in DC, DE, ID, NC, OK, WV or WY. The choice of a lawyer is an important decision and should not be based solely upon advertisements. Image is a dramatization. Prior results do not guarantee a similar outcome.",Get a Free Review of Your Case,Flat monthly fee. It's not too late to respond.,Book Now,https://start.credolegal.com/debt-lawsuit-summons-respond,utm_source=meta&utm_medium=paid_social&utm_campaign=credo_meta_competitive_v1&utm_content=DD_Served_Papers-stilllife,https://2-human.github.io/credo-public-meta-ads-preview/assets/lawsuit/v3-pilot/Served_Papers_D3_StillLife_4x5.png,https://2-human.github.io/credo-public-meta-ads-preview/handoff/baked-9x16/Served_Papers/Served_Papers_stilllife_9x16.png,https://2-human.github.io/credo-public-meta-ads-preview/assets/lawsuit/v3-pilot/Served_Papers_D3_StillLife_1x1.png,(718) 521-4060
Credo Legal — Competitive v1 (Meta),AS_DD_Served_Papers,DD_Served_Papers-video,Video,Video,"Just got served court papers? Your stomach dropped and it feels final, but it isn't. Our attorneys can review the summons, file your answer in time, and make the collector prove the debt. Acting now could keep the case from becoming a default judgment.

Attorney Advertising. Credo Legal Services, P.C., 1 Liberty Street, Suite 4010, New York, NY 10006. (212) 461-4026. Legal services are provided by attorneys licensed in the states where they practice; not available in DC, DE, ID, NC, OK, WV or WY. The choice of a lawyer is an important decision and should not be based solely upon advertisements. Image is a dramatization. Prior results do not guarantee a similar outcome.",Get a Free Review of Your Case,Flat monthly fee. It's not too late to respond.,Book Now,https://start.credolegal.com/debt-lawsuit-summons-respond,utm_source=meta&utm_medium=paid_social&utm_campaign=credo_meta_competitive_v1&utm_content=DD_Served_Papers-video,https://2-human.github.io/credo-public-meta-ads-preview/assets/lawsuit/v3-pilot/Served_Papers_D4_Video_9x16.mp4,https://2-human.github.io/credo-public-meta-ads-preview/assets/lawsuit/v3-pilot/Served_Papers_D4_Video_9x16.mp4,,(718) 521-4060
Credo Legal — Competitive v1 (Meta),AS_DD_Creditor_Harassment,DD_Creditor_Harassment-illustration,Illustration,Single image,"Phone ringing before work and after dinner with collector calls? The messages pile up and the constant pressure wears you down. Our attorneys can send a cease-communication letter so collectors have to deal with us instead of you. The calls could stop for good.

Attorney Advertising. Credo Legal Services, P.C., 1 Liberty Street, Suite 4010, New York, NY 10006. (212) 461-4026. Legal services are provided by attorneys licensed in the states where they practice; not available in DC, DE, ID, NC, OK, WV or WY. The choice of a lawyer is an important decision and should not be based solely upon advertisements. Image is a dramatization. Prior results do not guarantee a similar outcome.",Get a Free Review of Your Case,"Flat monthly fee. We talk to them, not you.",Book Now,https://start.credolegal.com/debt-harassment-stop-calls,utm_source=meta&utm_medium=paid_social&utm_campaign=credo_meta_competitive_v1&utm_content=DD_Creditor_Harassment-illustration,https://2-human.github.io/credo-public-meta-ads-preview/assets/harassment/v3-pilot/Creditor_Harassment_D1_Illustration_4x5.png,https://2-human.github.io/credo-public-meta-ads-preview/handoff/baked-9x16/Creditor_Harassment/Creditor_Harassment_illustration_9x16.png,https://2-human.github.io/credo-public-meta-ads-preview/assets/harassment/v3-pilot/Creditor_Harassment_D1_Illustration_1x1.png,(612) 256-8820
Credo Legal — Competitive v1 (Meta),AS_DD_Creditor_Harassment,DD_Creditor_Harassment-photo,Photo,Single image,"Phone ringing before work and after dinner with collector calls? The messages pile up and the constant pressure wears you down. Our attorneys can send a cease-communication letter so collectors have to deal with us instead of you. The calls could stop for good.

Attorney Advertising. Credo Legal Services, P.C., 1 Liberty Street, Suite 4010, New York, NY 10006. (212) 461-4026. Legal services are provided by attorneys licensed in the states where they practice; not available in DC, DE, ID, NC, OK, WV or WY. The choice of a lawyer is an important decision and should not be based solely upon advertisements. Image is a dramatization. Prior results do not guarantee a similar outcome.",Get a Free Review of Your Case,"Flat monthly fee. We talk to them, not you.",Book Now,https://start.credolegal.com/debt-harassment-stop-calls,utm_source=meta&utm_medium=paid_social&utm_campaign=credo_meta_competitive_v1&utm_content=DD_Creditor_Harassment-photo,https://2-human.github.io/credo-public-meta-ads-preview/assets/harassment/v3-pilot/Creditor_Harassment_D2_Photo_4x5.png,https://2-human.github.io/credo-public-meta-ads-preview/handoff/baked-9x16/Creditor_Harassment/Creditor_Harassment_photo_9x16.png,https://2-human.github.io/credo-public-meta-ads-preview/assets/harassment/v3-pilot/Creditor_Harassment_D2_Photo_1x1.png,(612) 256-8820
Credo Legal — Competitive v1 (Meta),AS_DD_Creditor_Harassment,DD_Creditor_Harassment-stilllife,Still life,Single image,"Phone ringing before work and after dinner with collector calls? The messages pile up and the constant pressure wears you down. Our attorneys can send a cease-communication letter so collectors have to deal with us instead of you. The calls could stop for good.

Attorney Advertising. Credo Legal Services, P.C., 1 Liberty Street, Suite 4010, New York, NY 10006. (212) 461-4026. Legal services are provided by attorneys licensed in the states where they practice; not available in DC, DE, ID, NC, OK, WV or WY. The choice of a lawyer is an important decision and should not be based solely upon advertisements. Image is a dramatization. Prior results do not guarantee a similar outcome.",Get a Free Review of Your Case,"Flat monthly fee. We talk to them, not you.",Book Now,https://start.credolegal.com/debt-harassment-stop-calls,utm_source=meta&utm_medium=paid_social&utm_campaign=credo_meta_competitive_v1&utm_content=DD_Creditor_Harassment-stilllife,https://2-human.github.io/credo-public-meta-ads-preview/assets/harassment/v3-pilot/Creditor_Harassment_D3_StillLife_4x5.png,https://2-human.github.io/credo-public-meta-ads-preview/handoff/baked-9x16/Creditor_Harassment/Creditor_Harassment_stilllife_9x16.png,https://2-human.github.io/credo-public-meta-ads-preview/assets/harassment/v3-pilot/Creditor_Harassment_D3_StillLife_1x1.png,(612) 256-8820
Credo Legal — Competitive v1 (Meta),AS_DD_Creditor_Harassment,DD_Creditor_Harassment-video,Video,Video,"Phone ringing before work and after dinner with collector calls? The messages pile up and the constant pressure wears you down. Our attorneys can send a cease-communication letter so collectors have to deal with us instead of you. The calls could stop for good.

Attorney Advertising. Credo Legal Services, P.C., 1 Liberty Street, Suite 4010, New York, NY 10006. (212) 461-4026. Legal services are provided by attorneys licensed in the states where they practice; not available in DC, DE, ID, NC, OK, WV or WY. The choice of a lawyer is an important decision and should not be based solely upon advertisements. Image is a dramatization. Prior results do not guarantee a similar outcome.",Get a Free Review of Your Case,"Flat monthly fee. We talk to them, not you.",Book Now,https://start.credolegal.com/debt-harassment-stop-calls,utm_source=meta&utm_medium=paid_social&utm_campaign=credo_meta_competitive_v1&utm_content=DD_Creditor_Harassment-video,https://2-human.github.io/credo-public-meta-ads-preview/assets/harassment/v3-pilot/Creditor_Harassment_D4_Video_9x16.mp4,https://2-human.github.io/credo-public-meta-ads-preview/assets/harassment/v3-pilot/Creditor_Harassment_D4_Video_9x16.mp4,,(612) 256-8820
Credo Legal — Competitive v1 (Meta),AS_DD_Creditor_Harassment,DD_Creditor_Harassment-bold,Bold,Single image,"Your collector may be breaking the law. Nonstop calls, calls at your job, and calls after you told them to stop can each be an FDCPA violation. Our attorneys can send a cease letter and pursue every violation. They could owe you up to $1,000 in statutory damages. We'll check your calls, free.

Attorney Advertising. Credo Legal Services, P.C., 1 Liberty Street, Suite 4010, New York, NY 10006. (212) 461-4026. Legal services are provided by attorneys licensed in the states where they practice; not available in DC, DE, ID, NC, OK, WV or WY. The choice of a lawyer is an important decision and should not be based solely upon advertisements. Image is a dramatization. Prior results do not guarantee a similar outcome.",Get a Free Review of Your Case,"Flat monthly fee. We talk to them, not you.",Book Now,https://start.credolegal.com/debt-harassment-stop-calls,utm_source=meta&utm_medium=paid_social&utm_campaign=credo_meta_competitive_v1&utm_content=DD_Creditor_Harassment-bold,https://2-human.github.io/credo-public-meta-ads-preview/assets/bold/bake-stop-m-4x5.jpeg,https://2-human.github.io/credo-public-meta-ads-preview/assets/bold/bake-stop-m-9x16.jpeg,https://2-human.github.io/credo-public-meta-ads-preview/assets/bold/bake-stop-m-1x1.jpeg,(612) 256-8820
Credo Legal — Competitive v1 (Meta),AS_DD_FDCPA_Harassment,DD_FDCPA_Harassment-illustration,Illustration,Single image,"Are collectors threatening you, calling at odd hours, and contacting people you know? Most people never learn that much of it is against the law. Our attorneys can document the violations and sue the collector under the FDCPA. They could owe you up to $1,000 in statutory damages.

Attorney Advertising. Credo Legal Services, P.C., 1 Liberty Street, Suite 4010, New York, NY 10006. (212) 461-4026. Legal services are provided by attorneys licensed in the states where they practice; not available in DC, DE, ID, NC, OK, WV or WY. The choice of a lawyer is an important decision and should not be based solely upon advertisements. Image is a dramatization. Prior results do not guarantee a similar outcome.",Get a Free Review of Your Case,Flat monthly fee. We sue them for breaking the rules.,Book Now,https://start.credolegal.com/debt-harassment-fdcpa-attorney,utm_source=meta&utm_medium=paid_social&utm_campaign=credo_meta_competitive_v1&utm_content=DD_FDCPA_Harassment-illustration,https://2-human.github.io/credo-public-meta-ads-preview/assets/harassment/v3-pilot/FDCPA_Harassment_D1_Illustration_4x5.png,https://2-human.github.io/credo-public-meta-ads-preview/handoff/baked-9x16/FDCPA_Harassment/FDCPA_Harassment_illustration_9x16.png,https://2-human.github.io/credo-public-meta-ads-preview/assets/harassment/v3-pilot/FDCPA_Harassment_D1_Illustration_1x1.png,(612) 256-8820
Credo Legal — Competitive v1 (Meta),AS_DD_FDCPA_Harassment,DD_FDCPA_Harassment-photo,Photo,Single image,"Are collectors threatening you, calling at odd hours, and contacting people you know? Most people never learn that much of it is against the law. Our attorneys can document the violations and sue the collector under the FDCPA. They could owe you up to $1,000 in statutory damages.

Attorney Advertising. Credo Legal Services, P.C., 1 Liberty Street, Suite 4010, New York, NY 10006. (212) 461-4026. Legal services are provided by attorneys licensed in the states where they practice; not available in DC, DE, ID, NC, OK, WV or WY. The choice of a lawyer is an important decision and should not be based solely upon advertisements. Image is a dramatization. Prior results do not guarantee a similar outcome.",Get a Free Review of Your Case,Flat monthly fee. We sue them for breaking the rules.,Book Now,https://start.credolegal.com/debt-harassment-fdcpa-attorney,utm_source=meta&utm_medium=paid_social&utm_campaign=credo_meta_competitive_v1&utm_content=DD_FDCPA_Harassment-photo,https://2-human.github.io/credo-public-meta-ads-preview/assets/harassment/v3-pilot/FDCPA_Harassment_D2_Photo_4x5.png,https://2-human.github.io/credo-public-meta-ads-preview/handoff/baked-9x16/FDCPA_Harassment/FDCPA_Harassment_photo_9x16.png,https://2-human.github.io/credo-public-meta-ads-preview/assets/harassment/v3-pilot/FDCPA_Harassment_D2_Photo_1x1.png,(612) 256-8820
Credo Legal — Competitive v1 (Meta),AS_DD_FDCPA_Harassment,DD_FDCPA_Harassment-stilllife,Still life,Single image,"Are collectors threatening you, calling at odd hours, and contacting people you know? Most people never learn that much of it is against the law. Our attorneys can document the violations and sue the collector under the FDCPA. They could owe you up to $1,000 in statutory damages.

Attorney Advertising. Credo Legal Services, P.C., 1 Liberty Street, Suite 4010, New York, NY 10006. (212) 461-4026. Legal services are provided by attorneys licensed in the states where they practice; not available in DC, DE, ID, NC, OK, WV or WY. The choice of a lawyer is an important decision and should not be based solely upon advertisements. Image is a dramatization. Prior results do not guarantee a similar outcome.",Get a Free Review of Your Case,Flat monthly fee. We sue them for breaking the rules.,Book Now,https://start.credolegal.com/debt-harassment-fdcpa-attorney,utm_source=meta&utm_medium=paid_social&utm_campaign=credo_meta_competitive_v1&utm_content=DD_FDCPA_Harassment-stilllife,https://2-human.github.io/credo-public-meta-ads-preview/assets/harassment/v3-pilot/FDCPA_Harassment_D3_StillLife_4x5.png,https://2-human.github.io/credo-public-meta-ads-preview/handoff/baked-9x16/FDCPA_Harassment/FDCPA_Harassment_stilllife_9x16.png,https://2-human.github.io/credo-public-meta-ads-preview/assets/harassment/v3-pilot/FDCPA_Harassment_D3_StillLife_1x1.png,(612) 256-8820
Credo Legal — Competitive v1 (Meta),AS_DD_FDCPA_Harassment,DD_FDCPA_Harassment-video,Video,Video,"Are collectors threatening you, calling at odd hours, and contacting people you know? Most people never learn that much of it is against the law. Our attorneys can document the violations and sue the collector under the FDCPA. They could owe you up to $1,000 in statutory damages.

Attorney Advertising. Credo Legal Services, P.C., 1 Liberty Street, Suite 4010, New York, NY 10006. (212) 461-4026. Legal services are provided by attorneys licensed in the states where they practice; not available in DC, DE, ID, NC, OK, WV or WY. The choice of a lawyer is an important decision and should not be based solely upon advertisements. Image is a dramatization. Prior results do not guarantee a similar outcome.",Get a Free Review of Your Case,Flat monthly fee. We sue them for breaking the rules.,Book Now,https://start.credolegal.com/debt-harassment-fdcpa-attorney,utm_source=meta&utm_medium=paid_social&utm_campaign=credo_meta_competitive_v1&utm_content=DD_FDCPA_Harassment-video,https://2-human.github.io/credo-public-meta-ads-preview/assets/harassment/v3-pilot/FDCPA_Harassment_D4_Video_9x16.mp4,https://2-human.github.io/credo-public-meta-ads-preview/assets/harassment/v3-pilot/FDCPA_Harassment_D4_Video_9x16.mp4,,(612) 256-8820
Credo Legal — Competitive v1 (Meta),AS_DD_Multiple_Collectors,DD_Multiple_Collectors-illustration,Illustration,Single image,"Juggling calls from several collectors at once? Different debts, no end in sight, and keeping track of them all is exhausting. Our attorneys can take on every collector at once and challenge each debt. Every violation could add to what they owe you.

Attorney Advertising. Credo Legal Services, P.C., 1 Liberty Street, Suite 4010, New York, NY 10006. (212) 461-4026. Legal services are provided by attorneys licensed in the states where they practice; not available in DC, DE, ID, NC, OK, WV or WY. The choice of a lawyer is an important decision and should not be based solely upon advertisements. Image is a dramatization. Prior results do not guarantee a similar outcome.",Get a Free Review of Your Case,Flat monthly fee. One team for all of them.,Book Now,https://start.credolegal.com/multiple-collectors-one-attorney,utm_source=meta&utm_medium=paid_social&utm_campaign=credo_meta_competitive_v1&utm_content=DD_Multiple_Collectors-illustration,https://2-human.github.io/credo-public-meta-ads-preview/assets/harassment/v3-pilot/Multiple_Collectors_D1_Illustration_4x5.png,https://2-human.github.io/credo-public-meta-ads-preview/handoff/baked-9x16/Multiple_Collectors/Multiple_Collectors_illustration_9x16.png,https://2-human.github.io/credo-public-meta-ads-preview/assets/harassment/v3-pilot/Multiple_Collectors_D1_Illustration_1x1.png,(612) 256-8820
Credo Legal — Competitive v1 (Meta),AS_DD_Multiple_Collectors,DD_Multiple_Collectors-photo,Photo,Single image,"Juggling calls from several collectors at once? Different debts, no end in sight, and keeping track of them all is exhausting. Our attorneys can take on every collector at once and challenge each debt. Every violation could add to what they owe you.

Attorney Advertising. Credo Legal Services, P.C., 1 Liberty Street, Suite 4010, New York, NY 10006. (212) 461-4026. Legal services are provided by attorneys licensed in the states where they practice; not available in DC, DE, ID, NC, OK, WV or WY. The choice of a lawyer is an important decision and should not be based solely upon advertisements. Image is a dramatization. Prior results do not guarantee a similar outcome.",Get a Free Review of Your Case,Flat monthly fee. One team for all of them.,Book Now,https://start.credolegal.com/multiple-collectors-one-attorney,utm_source=meta&utm_medium=paid_social&utm_campaign=credo_meta_competitive_v1&utm_content=DD_Multiple_Collectors-photo,https://2-human.github.io/credo-public-meta-ads-preview/assets/harassment/v3-pilot/Multiple_Collectors_D2_Photo_4x5.png,https://2-human.github.io/credo-public-meta-ads-preview/handoff/baked-9x16/Multiple_Collectors/Multiple_Collectors_photo_9x16.png,https://2-human.github.io/credo-public-meta-ads-preview/assets/harassment/v3-pilot/Multiple_Collectors_D2_Photo_1x1.png,(612) 256-8820
Credo Legal — Competitive v1 (Meta),AS_DD_Multiple_Collectors,DD_Multiple_Collectors-stilllife,Still life,Single image,"Juggling calls from several collectors at once? Different debts, no end in sight, and keeping track of them all is exhausting. Our attorneys can take on every collector at once and challenge each debt. Every violation could add to what they owe you.

Attorney Advertising. Credo Legal Services, P.C., 1 Liberty Street, Suite 4010, New York, NY 10006. (212) 461-4026. Legal services are provided by attorneys licensed in the states where they practice; not available in DC, DE, ID, NC, OK, WV or WY. The choice of a lawyer is an important decision and should not be based solely upon advertisements. Image is a dramatization. Prior results do not guarantee a similar outcome.",Get a Free Review of Your Case,Flat monthly fee. One team for all of them.,Book Now,https://start.credolegal.com/multiple-collectors-one-attorney,utm_source=meta&utm_medium=paid_social&utm_campaign=credo_meta_competitive_v1&utm_content=DD_Multiple_Collectors-stilllife,https://2-human.github.io/credo-public-meta-ads-preview/assets/harassment/v3-pilot/Multiple_Collectors_D3_StillLife_4x5.png,https://2-human.github.io/credo-public-meta-ads-preview/handoff/baked-9x16/Multiple_Collectors/Multiple_Collectors_stilllife_9x16.png,https://2-human.github.io/credo-public-meta-ads-preview/assets/harassment/v3-pilot/Multiple_Collectors_D3_StillLife_1x1.png,(612) 256-8820
Credo Legal — Competitive v1 (Meta),AS_DD_Multiple_Collectors,DD_Multiple_Collectors-video,Video,Video,"Juggling calls from several collectors at once? Different debts, no end in sight, and keeping track of them all is exhausting. Our attorneys can take on every collector at once and challenge each debt. Every violation could add to what they owe you.

Attorney Advertising. Credo Legal Services, P.C., 1 Liberty Street, Suite 4010, New York, NY 10006. (212) 461-4026. Legal services are provided by attorneys licensed in the states where they practice; not available in DC, DE, ID, NC, OK, WV or WY. The choice of a lawyer is an important decision and should not be based solely upon advertisements. Image is a dramatization. Prior results do not guarantee a similar outcome.",Get a Free Review of Your Case,Flat monthly fee. One team for all of them.,Book Now,https://start.credolegal.com/multiple-collectors-one-attorney,utm_source=meta&utm_medium=paid_social&utm_campaign=credo_meta_competitive_v1&utm_content=DD_Multiple_Collectors-video,https://2-human.github.io/credo-public-meta-ads-preview/assets/harassment/v3-pilot/Multiple_Collectors_D4_Video_9x16.mp4,https://2-human.github.io/credo-public-meta-ads-preview/assets/harassment/v3-pilot/Multiple_Collectors_D4_Video_9x16.mp4,,(612) 256-8820
Credo Legal — Competitive v1 (Meta),AS_DD_Medical_Harassment,DD_Medical_Harassment-illustration,Illustration,Single image,"Is a medical collector calling about a bill you're not sure you even owe? Medical billing is full of errors and duplicate charges. Our attorneys can send a cease-communication letter and demand the collector validate the bill. You could owe far less than they claim, or nothing at all.

Attorney Advertising. Credo Legal Services, P.C., 1 Liberty Street, Suite 4010, New York, NY 10006. (212) 461-4026. Legal services are provided by attorneys licensed in the states where they practice; not available in DC, DE, ID, NC, OK, WV or WY. The choice of a lawyer is an important decision and should not be based solely upon advertisements. Image is a dramatization. Prior results do not guarantee a similar outcome.",Get a Free Review of Your Case,Flat monthly fee. We make them prove it.,Book Now,https://start.credolegal.com/medical-debt-bills-errors,utm_source=meta&utm_medium=paid_social&utm_campaign=credo_meta_competitive_v1&utm_content=DD_Medical_Harassment-illustration,https://2-human.github.io/credo-public-meta-ads-preview/assets/medical-debt/v3-pilot/Medical_Harassment_D1_Illustration_4x5.png,https://2-human.github.io/credo-public-meta-ads-preview/handoff/baked-9x16/Medical_Harassment/Medical_Harassment_illustration_9x16.png,https://2-human.github.io/credo-public-meta-ads-preview/assets/medical-debt/v3-pilot/Medical_Harassment_D1_Illustration_1x1.png,(801) 386-9050
Credo Legal — Competitive v1 (Meta),AS_DD_Medical_Harassment,DD_Medical_Harassment-photo,Photo,Single image,"Is a medical collector calling about a bill you're not sure you even owe? Medical billing is full of errors and duplicate charges. Our attorneys can send a cease-communication letter and demand the collector validate the bill. You could owe far less than they claim, or nothing at all.

Attorney Advertising. Credo Legal Services, P.C., 1 Liberty Street, Suite 4010, New York, NY 10006. (212) 461-4026. Legal services are provided by attorneys licensed in the states where they practice; not available in DC, DE, ID, NC, OK, WV or WY. The choice of a lawyer is an important decision and should not be based solely upon advertisements. Image is a dramatization. Prior results do not guarantee a similar outcome.",Get a Free Review of Your Case,Flat monthly fee. We make them prove it.,Book Now,https://start.credolegal.com/medical-debt-bills-errors,utm_source=meta&utm_medium=paid_social&utm_campaign=credo_meta_competitive_v1&utm_content=DD_Medical_Harassment-photo,https://2-human.github.io/credo-public-meta-ads-preview/assets/medical-debt/v3-pilot/Medical_Harassment_D2_Photo_4x5.png,https://2-human.github.io/credo-public-meta-ads-preview/handoff/baked-9x16/Medical_Harassment/Medical_Harassment_photo_9x16.png,https://2-human.github.io/credo-public-meta-ads-preview/assets/medical-debt/v3-pilot/Medical_Harassment_D2_Photo_1x1.png,(801) 386-9050
Credo Legal — Competitive v1 (Meta),AS_DD_Medical_Harassment,DD_Medical_Harassment-stilllife,Still life,Single image,"Is a medical collector calling about a bill you're not sure you even owe? Medical billing is full of errors and duplicate charges. Our attorneys can send a cease-communication letter and demand the collector validate the bill. You could owe far less than they claim, or nothing at all.

Attorney Advertising. Credo Legal Services, P.C., 1 Liberty Street, Suite 4010, New York, NY 10006. (212) 461-4026. Legal services are provided by attorneys licensed in the states where they practice; not available in DC, DE, ID, NC, OK, WV or WY. The choice of a lawyer is an important decision and should not be based solely upon advertisements. Image is a dramatization. Prior results do not guarantee a similar outcome.",Get a Free Review of Your Case,Flat monthly fee. We make them prove it.,Book Now,https://start.credolegal.com/medical-debt-bills-errors,utm_source=meta&utm_medium=paid_social&utm_campaign=credo_meta_competitive_v1&utm_content=DD_Medical_Harassment-stilllife,https://2-human.github.io/credo-public-meta-ads-preview/assets/medical-debt/v3-pilot/Medical_Harassment_D3_StillLife_4x5.png,https://2-human.github.io/credo-public-meta-ads-preview/handoff/baked-9x16/Medical_Harassment/Medical_Harassment_stilllife_9x16.png,https://2-human.github.io/credo-public-meta-ads-preview/assets/medical-debt/v3-pilot/Medical_Harassment_D3_StillLife_1x1.png,(801) 386-9050
Credo Legal — Competitive v1 (Meta),AS_DD_Medical_Harassment,DD_Medical_Harassment-video,Video,Video,"Is a medical collector calling about a bill you're not sure you even owe? Medical billing is full of errors and duplicate charges. Our attorneys can send a cease-communication letter and demand the collector validate the bill. You could owe far less than they claim, or nothing at all.

Attorney Advertising. Credo Legal Services, P.C., 1 Liberty Street, Suite 4010, New York, NY 10006. (212) 461-4026. Legal services are provided by attorneys licensed in the states where they practice; not available in DC, DE, ID, NC, OK, WV or WY. The choice of a lawyer is an important decision and should not be based solely upon advertisements. Image is a dramatization. Prior results do not guarantee a similar outcome.",Get a Free Review of Your Case,Flat monthly fee. We make them prove it.,Book Now,https://start.credolegal.com/medical-debt-bills-errors,utm_source=meta&utm_medium=paid_social&utm_campaign=credo_meta_competitive_v1&utm_content=DD_Medical_Harassment-video,https://2-human.github.io/credo-public-meta-ads-preview/assets/medical-debt/v3-pilot/Medical_Harassment_D4_Video_9x16.mp4,https://2-human.github.io/credo-public-meta-ads-preview/assets/medical-debt/v3-pilot/Medical_Harassment_D4_Video_9x16.mp4,,(801) 386-9050
Credo Legal — Competitive v1 (Meta),AS_DD_Medical_Harassment,DD_Medical_Harassment-bold,Bold,Single image,"That medical bill may be wrong, or unprovable. Medical billing is full of coding errors and duplicate charges, and collectors often can't validate it. Our attorneys can demand validation and stop the calls. You could owe far less, or nothing. We'll check it, free.

Attorney Advertising. Credo Legal Services, P.C., 1 Liberty Street, Suite 4010, New York, NY 10006. (212) 461-4026. Legal services are provided by attorneys licensed in the states where they practice; not available in DC, DE, ID, NC, OK, WV or WY. The choice of a lawyer is an important decision and should not be based solely upon advertisements. Image is a dramatization. Prior results do not guarantee a similar outcome.",Get a Free Review of Your Case,Flat monthly fee. We make them prove it.,Book Now,https://start.credolegal.com/medical-debt-bills-errors,utm_source=meta&utm_medium=paid_social&utm_campaign=credo_meta_competitive_v1&utm_content=DD_Medical_Harassment-bold,https://2-human.github.io/credo-public-meta-ads-preview/assets/bold/bake-stop-m-4x5.jpeg,https://2-human.github.io/credo-public-meta-ads-preview/assets/bold/bake-stop-m-9x16.jpeg,https://2-human.github.io/credo-public-meta-ads-preview/assets/bold/bake-stop-m-1x1.jpeg,(801) 386-9050
Credo Legal — Competitive v1 (Meta),AS_DD_Medical_Lawsuit,DD_Medical_Lawsuit-illustration,Illustration,Single image,"Sued over a medical bill? The deadline to respond is closing in, and many of these bills carry coding errors and inflated charges. Our attorneys can file your answer and demand the provider prove the amount. Your case could be dismissed or settled for less.

Attorney Advertising. Credo Legal Services, P.C., 1 Liberty Street, Suite 4010, New York, NY 10006. (212) 461-4026. Legal services are provided by attorneys licensed in the states where they practice; not available in DC, DE, ID, NC, OK, WV or WY. The choice of a lawyer is an important decision and should not be based solely upon advertisements. Image is a dramatization. Prior results do not guarantee a similar outcome.",Get a Free Review of Your Case,Flat monthly fee. Attorneys licensed in your state.,Book Now,https://start.credolegal.com/medical-debt-lawsuit-respond,utm_source=meta&utm_medium=paid_social&utm_campaign=credo_meta_competitive_v1&utm_content=DD_Medical_Lawsuit-illustration,https://2-human.github.io/credo-public-meta-ads-preview/assets/medical-debt/v3-pilot/Medical_Lawsuit_D1_Illustration_4x5.png,https://2-human.github.io/credo-public-meta-ads-preview/handoff/baked-9x16/Medical_Lawsuit/Medical_Lawsuit_illustration_9x16.png,https://2-human.github.io/credo-public-meta-ads-preview/assets/medical-debt/v3-pilot/Medical_Lawsuit_D1_Illustration_1x1.png,(801) 386-9050
Credo Legal — Competitive v1 (Meta),AS_DD_Medical_Lawsuit,DD_Medical_Lawsuit-photo,Photo,Single image,"Sued over a medical bill? The deadline to respond is closing in, and many of these bills carry coding errors and inflated charges. Our attorneys can file your answer and demand the provider prove the amount. Your case could be dismissed or settled for less.

Attorney Advertising. Credo Legal Services, P.C., 1 Liberty Street, Suite 4010, New York, NY 10006. (212) 461-4026. Legal services are provided by attorneys licensed in the states where they practice; not available in DC, DE, ID, NC, OK, WV or WY. The choice of a lawyer is an important decision and should not be based solely upon advertisements. Image is a dramatization. Prior results do not guarantee a similar outcome.",Get a Free Review of Your Case,Flat monthly fee. Attorneys licensed in your state.,Book Now,https://start.credolegal.com/medical-debt-lawsuit-respond,utm_source=meta&utm_medium=paid_social&utm_campaign=credo_meta_competitive_v1&utm_content=DD_Medical_Lawsuit-photo,https://2-human.github.io/credo-public-meta-ads-preview/assets/medical-debt/v3-pilot/Medical_Lawsuit_D2_Photo_4x5.png,https://2-human.github.io/credo-public-meta-ads-preview/handoff/baked-9x16/Medical_Lawsuit/Medical_Lawsuit_photo_9x16.png,https://2-human.github.io/credo-public-meta-ads-preview/assets/medical-debt/v3-pilot/Medical_Lawsuit_D2_Photo_1x1.png,(801) 386-9050
Credo Legal — Competitive v1 (Meta),AS_DD_Medical_Lawsuit,DD_Medical_Lawsuit-stilllife,Still life,Single image,"Sued over a medical bill? The deadline to respond is closing in, and many of these bills carry coding errors and inflated charges. Our attorneys can file your answer and demand the provider prove the amount. Your case could be dismissed or settled for less.

Attorney Advertising. Credo Legal Services, P.C., 1 Liberty Street, Suite 4010, New York, NY 10006. (212) 461-4026. Legal services are provided by attorneys licensed in the states where they practice; not available in DC, DE, ID, NC, OK, WV or WY. The choice of a lawyer is an important decision and should not be based solely upon advertisements. Image is a dramatization. Prior results do not guarantee a similar outcome.",Get a Free Review of Your Case,Flat monthly fee. Attorneys licensed in your state.,Book Now,https://start.credolegal.com/medical-debt-lawsuit-respond,utm_source=meta&utm_medium=paid_social&utm_campaign=credo_meta_competitive_v1&utm_content=DD_Medical_Lawsuit-stilllife,https://2-human.github.io/credo-public-meta-ads-preview/assets/medical-debt/v3-pilot/Medical_Lawsuit_D3_StillLife_4x5.png,https://2-human.github.io/credo-public-meta-ads-preview/handoff/baked-9x16/Medical_Lawsuit/Medical_Lawsuit_stilllife_9x16.png,https://2-human.github.io/credo-public-meta-ads-preview/assets/medical-debt/v3-pilot/Medical_Lawsuit_D3_StillLife_1x1.png,(801) 386-9050
Credo Legal — Competitive v1 (Meta),AS_DD_Medical_Lawsuit,DD_Medical_Lawsuit-video,Video,Video,"Sued over a medical bill? The deadline to respond is closing in, and many of these bills carry coding errors and inflated charges. Our attorneys can file your answer and demand the provider prove the amount. Your case could be dismissed or settled for less.

Attorney Advertising. Credo Legal Services, P.C., 1 Liberty Street, Suite 4010, New York, NY 10006. (212) 461-4026. Legal services are provided by attorneys licensed in the states where they practice; not available in DC, DE, ID, NC, OK, WV or WY. The choice of a lawyer is an important decision and should not be based solely upon advertisements. Image is a dramatization. Prior results do not guarantee a similar outcome.",Get a Free Review of Your Case,Flat monthly fee. Attorneys licensed in your state.,Book Now,https://start.credolegal.com/medical-debt-lawsuit-respond,utm_source=meta&utm_medium=paid_social&utm_campaign=credo_meta_competitive_v1&utm_content=DD_Medical_Lawsuit-video,https://2-human.github.io/credo-public-meta-ads-preview/assets/medical-debt/v3-pilot/Medical_Lawsuit_D4_Video_9x16.mp4,https://2-human.github.io/credo-public-meta-ads-preview/assets/medical-debt/v3-pilot/Medical_Lawsuit_D4_Video_9x16.mp4,,(801) 386-9050
Credo Legal — Competitive v1 (Meta),AS_DD_Medical_Rights,DD_Medical_Rights-illustration,Illustration,Single image,"A collector says you owe a medical debt — but can they prove it? Old medical bills get sold, resold, and misassigned, and the amounts are often wrong. Our attorneys demand written validation under the FDCPA and challenge anything they can't document.

Attorney Advertising. Credo Legal Services, P.C., 1 Liberty Street, Suite 4010, New York, NY 10006. (212) 461-4026. Legal services are provided by attorneys licensed in the states where they practice; not available in DC, DE, ID, NC, OK, WV or WY. The choice of a lawyer is an important decision and should not be based solely upon advertisements. Image is a dramatization. Prior results do not guarantee a similar outcome.",Get a Free Review of Your Case,Flat monthly fee. We make them prove you owe it.,Book Now,https://start.credolegal.com/medical-debt-credit-report-removal,utm_source=meta&utm_medium=paid_social&utm_campaign=credo_meta_competitive_v1&utm_content=DD_Medical_Rights-illustration,https://2-human.github.io/credo-public-meta-ads-preview/assets/medical-debt/v3-pilot/Medical_Rights_D1_Illustration_4x5.png,https://2-human.github.io/credo-public-meta-ads-preview/handoff/baked-9x16/Medical_Rights/Medical_Rights_illustration_9x16.png,https://2-human.github.io/credo-public-meta-ads-preview/assets/medical-debt/v3-pilot/Medical_Rights_D1_Illustration_1x1.png,(801) 386-9050
Credo Legal — Competitive v1 (Meta),AS_DD_Medical_Rights,DD_Medical_Rights-photo,Photo,Single image,"A collector says you owe a medical debt — but can they prove it? Old medical bills get sold, resold, and misassigned, and the amounts are often wrong. Our attorneys demand written validation under the FDCPA and challenge anything they can't document.

Attorney Advertising. Credo Legal Services, P.C., 1 Liberty Street, Suite 4010, New York, NY 10006. (212) 461-4026. Legal services are provided by attorneys licensed in the states where they practice; not available in DC, DE, ID, NC, OK, WV or WY. The choice of a lawyer is an important decision and should not be based solely upon advertisements. Image is a dramatization. Prior results do not guarantee a similar outcome.",Get a Free Review of Your Case,Flat monthly fee. We make them prove you owe it.,Book Now,https://start.credolegal.com/medical-debt-credit-report-removal,utm_source=meta&utm_medium=paid_social&utm_campaign=credo_meta_competitive_v1&utm_content=DD_Medical_Rights-photo,https://2-human.github.io/credo-public-meta-ads-preview/assets/medical-debt/v3-pilot/Medical_Rights_D2_Photo_4x5.png,https://2-human.github.io/credo-public-meta-ads-preview/handoff/baked-9x16/Medical_Rights/Medical_Rights_photo_9x16.png,https://2-human.github.io/credo-public-meta-ads-preview/assets/medical-debt/v3-pilot/Medical_Rights_D2_Photo_1x1.png,(801) 386-9050
Credo Legal — Competitive v1 (Meta),AS_DD_Medical_Rights,DD_Medical_Rights-stilllife,Still life,Single image,"A collector says you owe a medical debt — but can they prove it? Old medical bills get sold, resold, and misassigned, and the amounts are often wrong. Our attorneys demand written validation under the FDCPA and challenge anything they can't document.

Attorney Advertising. Credo Legal Services, P.C., 1 Liberty Street, Suite 4010, New York, NY 10006. (212) 461-4026. Legal services are provided by attorneys licensed in the states where they practice; not available in DC, DE, ID, NC, OK, WV or WY. The choice of a lawyer is an important decision and should not be based solely upon advertisements. Image is a dramatization. Prior results do not guarantee a similar outcome.",Get a Free Review of Your Case,Flat monthly fee. We make them prove you owe it.,Book Now,https://start.credolegal.com/medical-debt-credit-report-removal,utm_source=meta&utm_medium=paid_social&utm_campaign=credo_meta_competitive_v1&utm_content=DD_Medical_Rights-stilllife,https://2-human.github.io/credo-public-meta-ads-preview/assets/medical-debt/v3-pilot/Medical_Rights_D3_StillLife_4x5.png,https://2-human.github.io/credo-public-meta-ads-preview/handoff/baked-9x16/Medical_Rights/Medical_Rights_stilllife_9x16.png,https://2-human.github.io/credo-public-meta-ads-preview/assets/medical-debt/v3-pilot/Medical_Rights_D3_StillLife_1x1.png,(801) 386-9050
Credo Legal — Competitive v1 (Meta),AS_DD_Medical_Rights,DD_Medical_Rights-video,Video,Video,"A collector says you owe a medical debt — but can they prove it? Old medical bills get sold, resold, and misassigned, and the amounts are often wrong. Our attorneys demand written validation under the FDCPA and challenge anything they can't document.

Attorney Advertising. Credo Legal Services, P.C., 1 Liberty Street, Suite 4010, New York, NY 10006. (212) 461-4026. Legal services are provided by attorneys licensed in the states where they practice; not available in DC, DE, ID, NC, OK, WV or WY. The choice of a lawyer is an important decision and should not be based solely upon advertisements. Image is a dramatization. Prior results do not guarantee a similar outcome.",Get a Free Review of Your Case,Flat monthly fee. We make them prove you owe it.,Book Now,https://start.credolegal.com/medical-debt-credit-report-removal,utm_source=meta&utm_medium=paid_social&utm_campaign=credo_meta_competitive_v1&utm_content=DD_Medical_Rights-video,https://2-human.github.io/credo-public-meta-ads-preview/assets/medical-debt/v3-pilot/Medical_Rights_D4_Video_9x16.mp4,https://2-human.github.io/credo-public-meta-ads-preview/assets/medical-debt/v3-pilot/Medical_Rights_D4_Video_9x16.mp4,,(801) 386-9050
Credo Legal — Competitive v1 (Meta),AS_DD_Medical_Rights,DD_Medical_Rights-bold,Bold,Single image,"A collector says you owe a medical debt? Make them prove it. Medical bills are sold, resold, and routinely wrong — and under the FDCPA they must validate the debt before they can collect. Our attorneys demand that proof and challenge what they can't document.

Attorney Advertising. Credo Legal Services, P.C., 1 Liberty Street, Suite 4010, New York, NY 10006. (212) 461-4026. Legal services are provided by attorneys licensed in the states where they practice; not available in DC, DE, ID, NC, OK, WV or WY. The choice of a lawyer is an important decision and should not be based solely upon advertisements. Image is a dramatization. Prior results do not guarantee a similar outcome.",Get a Free Review of Your Case,Flat monthly fee. We make them prove you owe it.,Book Now,https://start.credolegal.com/medical-debt-credit-report-removal,utm_source=meta&utm_medium=paid_social&utm_campaign=credo_meta_competitive_v1&utm_content=DD_Medical_Rights-bold,https://2-human.github.io/credo-public-meta-ads-preview/assets/bold/bake-pinch-m-4x5.jpeg,https://2-human.github.io/credo-public-meta-ads-preview/assets/bold/bake-pinch-m-9x16.jpeg,https://2-human.github.io/credo-public-meta-ads-preview/assets/bold/bake-pinch-m-1x1.jpeg,(801) 386-9050
Credo Legal — Competitive v1 (Meta),AS_DD_Pre_Judgment_Garn,DD_Pre_Judgment_Garn-illustration,Illustration,Single image,"Worried a lawsuit could start garnishing your wages? The threat of a smaller paycheck is frightening, and once it starts it is harder to undo. Our attorneys can respond to the case now and fight the judgment that leads to garnishment. More of your paycheck could stay yours.

Attorney Advertising. Credo Legal Services, P.C., 1 Liberty Street, Suite 4010, New York, NY 10006. (212) 461-4026. Legal services are provided by attorneys licensed in the states where they practice; not available in DC, DE, ID, NC, OK, WV or WY. The choice of a lawyer is an important decision and should not be based solely upon advertisements. Image is a dramatization. Prior results do not guarantee a similar outcome.",Get a Free Review of Your Case,Flat monthly fee. Act before the judgment lands.,Book Now,https://start.credolegal.com/wage-garnishment-prevention,utm_source=meta&utm_medium=paid_social&utm_campaign=credo_meta_competitive_v1&utm_content=DD_Pre_Judgment_Garn-illustration,https://2-human.github.io/credo-public-meta-ads-preview/assets/garnishment/v3-pilot/Pre_Judgment_Garn_D1_Illustration_4x5.png,https://2-human.github.io/credo-public-meta-ads-preview/handoff/baked-9x16/Pre_Judgment_Garn/Pre_Judgment_Garn_illustration_9x16.png,https://2-human.github.io/credo-public-meta-ads-preview/assets/garnishment/v3-pilot/Pre_Judgment_Garn_D1_Illustration_1x1.png,(720) 414-5055
Credo Legal — Competitive v1 (Meta),AS_DD_Pre_Judgment_Garn,DD_Pre_Judgment_Garn-photo,Photo,Single image,"Worried a lawsuit could start garnishing your wages? The threat of a smaller paycheck is frightening, and once it starts it is harder to undo. Our attorneys can respond to the case now and fight the judgment that leads to garnishment. More of your paycheck could stay yours.

Attorney Advertising. Credo Legal Services, P.C., 1 Liberty Street, Suite 4010, New York, NY 10006. (212) 461-4026. Legal services are provided by attorneys licensed in the states where they practice; not available in DC, DE, ID, NC, OK, WV or WY. The choice of a lawyer is an important decision and should not be based solely upon advertisements. Image is a dramatization. Prior results do not guarantee a similar outcome.",Get a Free Review of Your Case,Flat monthly fee. Act before the judgment lands.,Book Now,https://start.credolegal.com/wage-garnishment-prevention,utm_source=meta&utm_medium=paid_social&utm_campaign=credo_meta_competitive_v1&utm_content=DD_Pre_Judgment_Garn-photo,https://2-human.github.io/credo-public-meta-ads-preview/assets/garnishment/v3-pilot/Pre_Judgment_Garn_D2_Photo_4x5.png,https://2-human.github.io/credo-public-meta-ads-preview/handoff/baked-9x16/Pre_Judgment_Garn/Pre_Judgment_Garn_photo_9x16.png,https://2-human.github.io/credo-public-meta-ads-preview/assets/garnishment/v3-pilot/Pre_Judgment_Garn_D2_Photo_1x1.png,(720) 414-5055
Credo Legal — Competitive v1 (Meta),AS_DD_Pre_Judgment_Garn,DD_Pre_Judgment_Garn-stilllife,Still life,Single image,"Worried a lawsuit could start garnishing your wages? The threat of a smaller paycheck is frightening, and once it starts it is harder to undo. Our attorneys can respond to the case now and fight the judgment that leads to garnishment. More of your paycheck could stay yours.

Attorney Advertising. Credo Legal Services, P.C., 1 Liberty Street, Suite 4010, New York, NY 10006. (212) 461-4026. Legal services are provided by attorneys licensed in the states where they practice; not available in DC, DE, ID, NC, OK, WV or WY. The choice of a lawyer is an important decision and should not be based solely upon advertisements. Image is a dramatization. Prior results do not guarantee a similar outcome.",Get a Free Review of Your Case,Flat monthly fee. Act before the judgment lands.,Book Now,https://start.credolegal.com/wage-garnishment-prevention,utm_source=meta&utm_medium=paid_social&utm_campaign=credo_meta_competitive_v1&utm_content=DD_Pre_Judgment_Garn-stilllife,https://2-human.github.io/credo-public-meta-ads-preview/assets/garnishment/v3-pilot/Pre_Judgment_Garn_D3_StillLife_4x5.png,https://2-human.github.io/credo-public-meta-ads-preview/handoff/baked-9x16/Pre_Judgment_Garn/Pre_Judgment_Garn_stilllife_9x16.png,https://2-human.github.io/credo-public-meta-ads-preview/assets/garnishment/v3-pilot/Pre_Judgment_Garn_D3_StillLife_1x1.png,(720) 414-5055
Credo Legal — Competitive v1 (Meta),AS_DD_Pre_Judgment_Garn,DD_Pre_Judgment_Garn-video,Video,Video,"Worried a lawsuit could start garnishing your wages? The threat of a smaller paycheck is frightening, and once it starts it is harder to undo. Our attorneys can respond to the case now and fight the judgment that leads to garnishment. More of your paycheck could stay yours.

Attorney Advertising. Credo Legal Services, P.C., 1 Liberty Street, Suite 4010, New York, NY 10006. (212) 461-4026. Legal services are provided by attorneys licensed in the states where they practice; not available in DC, DE, ID, NC, OK, WV or WY. The choice of a lawyer is an important decision and should not be based solely upon advertisements. Image is a dramatization. Prior results do not guarantee a similar outcome.",Get a Free Review of Your Case,Flat monthly fee. Act before the judgment lands.,Book Now,https://start.credolegal.com/wage-garnishment-prevention,utm_source=meta&utm_medium=paid_social&utm_campaign=credo_meta_competitive_v1&utm_content=DD_Pre_Judgment_Garn-video,https://2-human.github.io/credo-public-meta-ads-preview/assets/garnishment/v3-pilot/Pre_Judgment_Garn_D4_Video_9x16.mp4,https://2-human.github.io/credo-public-meta-ads-preview/assets/garnishment/v3-pilot/Pre_Judgment_Garn_D4_Video_9x16.mp4,,(720) 414-5055
Credo Legal — Competitive v1 (Meta),AS_DD_Pre_Judgment_Garn,DD_Pre_Judgment_Garn-bold,Bold,Single image,"They may be about to garnish your wages, and it may be preventable. Once a judgment lands they reach straight for your paycheck. Our attorneys can respond to the case now and fight the judgment behind garnishment. More of your pay could stay yours. We'll check your options, free.

Attorney Advertising. Credo Legal Services, P.C., 1 Liberty Street, Suite 4010, New York, NY 10006. (212) 461-4026. Legal services are provided by attorneys licensed in the states where they practice; not available in DC, DE, ID, NC, OK, WV or WY. The choice of a lawyer is an important decision and should not be based solely upon advertisements. Image is a dramatization. Prior results do not guarantee a similar outcome.",Get a Free Review of Your Case,Flat monthly fee. Act before the judgment lands.,Book Now,https://start.credolegal.com/wage-garnishment-prevention,utm_source=meta&utm_medium=paid_social&utm_campaign=credo_meta_competitive_v1&utm_content=DD_Pre_Judgment_Garn-bold,https://2-human.github.io/credo-public-meta-ads-preview/assets/bold/bake-offer-m-4x5.jpeg,https://2-human.github.io/credo-public-meta-ads-preview/assets/bold/bake-offer-m-9x16.jpeg,https://2-human.github.io/credo-public-meta-ads-preview/assets/bold/bake-offer-m-1x1.jpeg,(720) 414-5055
Credo Legal — Competitive v1 (Meta),AS_DD_Post_Judgment_Garn,DD_Post_Judgment_Garn-illustration,Illustration,Single image,"Is your paycheck already being garnished? Every check feels short, and it can feel like there is nothing you can do. Our attorneys can file the exemption motion and challenge the garnishment. You could qualify for protection that puts money back in your pocket.

Attorney Advertising. Credo Legal Services, P.C., 1 Liberty Street, Suite 4010, New York, NY 10006. (212) 461-4026. Legal services are provided by attorneys licensed in the states where they practice; not available in DC, DE, ID, NC, OK, WV or WY. The choice of a lawyer is an important decision and should not be based solely upon advertisements. Image is a dramatization. Prior results do not guarantee a similar outcome.",Get a Free Review of Your Case,Flat monthly fee. You may qualify for exemptions.,Book Now,https://start.credolegal.com/wage-garnishment-exemptions,utm_source=meta&utm_medium=paid_social&utm_campaign=credo_meta_competitive_v1&utm_content=DD_Post_Judgment_Garn-illustration,https://2-human.github.io/credo-public-meta-ads-preview/assets/garnishment/v3-pilot/Post_Judgment_Garn_D1_Illustration_4x5.png,https://2-human.github.io/credo-public-meta-ads-preview/handoff/baked-9x16/Post_Judgment_Garn/Post_Judgment_Garn_illustration_9x16.png,https://2-human.github.io/credo-public-meta-ads-preview/assets/garnishment/v3-pilot/Post_Judgment_Garn_D1_Illustration_1x1.png,(720) 414-5055
Credo Legal — Competitive v1 (Meta),AS_DD_Post_Judgment_Garn,DD_Post_Judgment_Garn-photo,Photo,Single image,"Is your paycheck already being garnished? Every check feels short, and it can feel like there is nothing you can do. Our attorneys can file the exemption motion and challenge the garnishment. You could qualify for protection that puts money back in your pocket.

Attorney Advertising. Credo Legal Services, P.C., 1 Liberty Street, Suite 4010, New York, NY 10006. (212) 461-4026. Legal services are provided by attorneys licensed in the states where they practice; not available in DC, DE, ID, NC, OK, WV or WY. The choice of a lawyer is an important decision and should not be based solely upon advertisements. Image is a dramatization. Prior results do not guarantee a similar outcome.",Get a Free Review of Your Case,Flat monthly fee. You may qualify for exemptions.,Book Now,https://start.credolegal.com/wage-garnishment-exemptions,utm_source=meta&utm_medium=paid_social&utm_campaign=credo_meta_competitive_v1&utm_content=DD_Post_Judgment_Garn-photo,https://2-human.github.io/credo-public-meta-ads-preview/assets/garnishment/v3-pilot/Post_Judgment_Garn_D2_Photo_4x5.png,https://2-human.github.io/credo-public-meta-ads-preview/handoff/baked-9x16/Post_Judgment_Garn/Post_Judgment_Garn_photo_9x16.png,https://2-human.github.io/credo-public-meta-ads-preview/assets/garnishment/v3-pilot/Post_Judgment_Garn_D2_Photo_1x1.png,(720) 414-5055
Credo Legal — Competitive v1 (Meta),AS_DD_Post_Judgment_Garn,DD_Post_Judgment_Garn-stilllife,Still life,Single image,"Is your paycheck already being garnished? Every check feels short, and it can feel like there is nothing you can do. Our attorneys can file the exemption motion and challenge the garnishment. You could qualify for protection that puts money back in your pocket.

Attorney Advertising. Credo Legal Services, P.C., 1 Liberty Street, Suite 4010, New York, NY 10006. (212) 461-4026. Legal services are provided by attorneys licensed in the states where they practice; not available in DC, DE, ID, NC, OK, WV or WY. The choice of a lawyer is an important decision and should not be based solely upon advertisements. Image is a dramatization. Prior results do not guarantee a similar outcome.",Get a Free Review of Your Case,Flat monthly fee. You may qualify for exemptions.,Book Now,https://start.credolegal.com/wage-garnishment-exemptions,utm_source=meta&utm_medium=paid_social&utm_campaign=credo_meta_competitive_v1&utm_content=DD_Post_Judgment_Garn-stilllife,https://2-human.github.io/credo-public-meta-ads-preview/assets/garnishment/v3-pilot/Post_Judgment_Garn_D3_StillLife_4x5.png,https://2-human.github.io/credo-public-meta-ads-preview/handoff/baked-9x16/Post_Judgment_Garn/Post_Judgment_Garn_stilllife_9x16.png,https://2-human.github.io/credo-public-meta-ads-preview/assets/garnishment/v3-pilot/Post_Judgment_Garn_D3_StillLife_1x1.png,(720) 414-5055
Credo Legal — Competitive v1 (Meta),AS_DD_Post_Judgment_Garn,DD_Post_Judgment_Garn-video,Video,Video,"Is your paycheck already being garnished? Every check feels short, and it can feel like there is nothing you can do. Our attorneys can file the exemption motion and challenge the garnishment. You could qualify for protection that puts money back in your pocket.

Attorney Advertising. Credo Legal Services, P.C., 1 Liberty Street, Suite 4010, New York, NY 10006. (212) 461-4026. Legal services are provided by attorneys licensed in the states where they practice; not available in DC, DE, ID, NC, OK, WV or WY. The choice of a lawyer is an important decision and should not be based solely upon advertisements. Image is a dramatization. Prior results do not guarantee a similar outcome.",Get a Free Review of Your Case,Flat monthly fee. You may qualify for exemptions.,Book Now,https://start.credolegal.com/wage-garnishment-exemptions,utm_source=meta&utm_medium=paid_social&utm_campaign=credo_meta_competitive_v1&utm_content=DD_Post_Judgment_Garn-video,https://2-human.github.io/credo-public-meta-ads-preview/assets/garnishment/v3-pilot/Post_Judgment_Garn_D4_Video_9x16.mp4,https://2-human.github.io/credo-public-meta-ads-preview/assets/garnishment/v3-pilot/Post_Judgment_Garn_D4_Video_9x16.mp4,,(720) 414-5055
Credo Legal — Competitive v1 (Meta),AS_DD_Post_Judgment_Garn,DD_Post_Judgment_Garn-bold,Bold,Single image,"Your wages are being garnished, but part of your pay may be legally exempt, and the judgment may be challengeable. Our attorneys can file the exemption motion and challenge the garnishment. You could put money back in your pocket. We'll check what can be protected, free.

Attorney Advertising. Credo Legal Services, P.C., 1 Liberty Street, Suite 4010, New York, NY 10006. (212) 461-4026. Legal services are provided by attorneys licensed in the states where they practice; not available in DC, DE, ID, NC, OK, WV or WY. The choice of a lawyer is an important decision and should not be based solely upon advertisements. Image is a dramatization. Prior results do not guarantee a similar outcome.",Get a Free Review of Your Case,Flat monthly fee. You may qualify for exemptions.,Book Now,https://start.credolegal.com/wage-garnishment-exemptions,utm_source=meta&utm_medium=paid_social&utm_campaign=credo_meta_competitive_v1&utm_content=DD_Post_Judgment_Garn-bold,https://2-human.github.io/credo-public-meta-ads-preview/assets/bold/bake-offer-m-4x5.jpeg,https://2-human.github.io/credo-public-meta-ads-preview/assets/bold/bake-offer-m-9x16.jpeg,https://2-human.github.io/credo-public-meta-ads-preview/assets/bold/bake-offer-m-1x1.jpeg,(720) 414-5055
